hero_1,hero_6,is_win
101,26,0
18,110,0
86,11,1
20,14,0
31,69,0
84,78,0
89,5,0
43,31,0
27,9,1
25,16,1
25,76,0
39,8,1
93,81,0
50,8,0
96,56,0
107,97,0
86,50,1
107,80,0
103,87,1
11,100,1
20,40,0
9,16,1
69,56,1
107,28,1
107,65,1
38,70,0
7,86,1
83,74,0
20,26,1
22,25,0
80,56,1
39,95,0
39,107,1
114,46,0
97,8,1
72,58,1
9,41,1
100,108,1
100,55,0
27,89,1
41,28,1
47,76,1
53,50,0
7,78,0
96,63,0
38,52,1
60,11,0
41,49,1
29,9,1
10,86,0
9,53,0
3,5,1
51,16,1
2,16,1
34,88,1
111,72,1
53,13,0
29,101,0
86,83,1
113,121,0
68,16,0
19,46,0
13,99,1
96,88,0
8,51,1
3,64,1
65,95,1
74,79,1
38,72,1
90,75,0
9,51,1
50,70,1
22,62,1
95,2,1
21,71,0
68,90,0
50,16,1
84,111,1
109,32,1
26,86,1
38,3,0
7,65,1
6,61,1
50,83,1
12,103,1
87,86,0
8,107,1
17,13,1
17,21,1
27,3,0
46,100,0
7,86,1
21,79,0
92,53,1
49,50,0
63,7,0
47,45,1
17,26,0
44,57,0
53,54,0
1,112,1
95,51,1
34,41,0
89,8,0
51,50,1
30,98,1
16,72,0
43,16,0
110,39,0
78,104,1
12,28,1
66,68,0
15,10,0
96,20,0
85,7,0
54,72,0
15,72,1
16,112,0
25,14,0
51,26,0
96,31,1
61,109,1
100,67,0
60,51,0
58,55,0
68,28,1
20,86,1
76,107,1
94,71,1
41,21,1
98,33,0
86,87,1
81,80,1
86,74,1
81,78,0
109,106,1
98,73,1
51,40,1
11,25,1
49,11,0
2,86,0
85,64,1
1,17,1
65,87,0
79,84,0
75,68,0
62,87,1
66,30,1
31,65,0
40,76,0
7,43,0
111,65,1
94,101,1
7,6,1
68,87,0
93,76,0
93,13,1
86,50,1
75,74,1
78,7,1
16,5,0
97,66,0
30,3,0
17,55,1
92,2,0
27,15,0
112,85,1
55,66,0
9,16,0
16,46,0
11,99,1
107,46,0
79,53,1
74,28,1
45,42,0
51,14,1
87,30,1
28,103,0
71,3,1
10,66,0
86,114,0
65,39,0
99,88,1
79,1,0
98,96,1
96,69,1
79,94,1
86,73,1
23,30,1
83,62,0
40,82,0
55,100,1
74,65,1
15,51,0
109,16,0
89,54,0
112,79,1
112,101,0
48,55,1
29,90,0
34,104,1
16,50,1
65,10,1
15,46,0
11,39,0
57,50,0
80,20,0
2,109,1
2,62,1
107,16,1
43,16,1
27,30,0
75,5,1
77,26,0
86,77,0
35,51,1
76,86,1
83,40,1
63,53,0
77,7,0
55,71,1
85,98,0
76,34,1
108,71,0
104,110,1
7,86,0
12,43,1
107,19,1
68,28,0
5,86,1
83,93,1
62,65,1
78,63,1
51,16,1
63,30,1
89,65,1
57,46,1
7,54,1
63,107,1
99,7,0
95,101,1
54,57,0
92,55,1
29,103,1
39,30,0
19,12,1
28,78,1
85,27,1
70,83,1
29,9,1
79,34,0
106,22,1
15,11,1
40,107,1
73,81,0
64,41,0
50,72,0
64,86,0
101,20,0
39,13,0
30,91,1
27,8,1
66,73,1
63,109,1
32,26,0
68,31,1
9,65,1
45,80,0
71,50,1
25,39,1
103,42,0
101,7,1
61,39,1
15,101,0
12,70,1
38,75,1
91,88,0
8,41,1
101,86,0
20,72,0
33,35,0
79,93,0
79,54,1
28,96,0
2,52,0
31,28,1
86,65,0
101,39,1
30,37,1
77,49,1
46,62,0
51,101,1
20,30,1
13,99,0
39,20,1
2,12,0
7,80,1
15,7,1
31,56,1
65,87,1
19,98,1
76,38,0
65,66,0
8,91,1
50,39,0
112,51,1
88,40,0
53,21,1
3,72,1
30,41,0
2,7,1
22,55,1
79,110,0
67,40,0
63,13,1
66,20,0
77,66,1
96,17,1
44,84,0
60,96,1
28,72,0
107,27,1
79,80,0
75,69,1
68,20,1
3,53,1
87,23,1
63,50,0
62,69,0
53,65,0
69,51,1
16,13,0
3,15,1
11,12,1
34,15,1
78,69,1
13,7,0
19,27,0
20,62,1
7,11,0
49,109,0
93,76,1
95,44,1
29,19,1
89,52,1
42,54,0
85,72,1
48,87,0
86,8,0
22,35,1
102,51,0
86,74,1
49,68,1
2,13,0
69,86,0
99,29,1
58,103,1
52,44,1
14,90,0
2,87,0
25,57,0
78,9,1
112,85,1
40,89,1
29,42,0
35,81,0
109,86,0
84,16,0
47,66,1
64,68,0
21,56,1
16,55,0
65,9,1
16,26,1
29,43,0
66,67,1
101,27,0
4,41,1
89,75,0
16,88,1
87,25,0
92,49,1
2,37,0
17,40,1
89,13,1
96,74,0
106,68,1
15,20,1
33,5,0
91,28,0
68,72,1
11,7,1
11,51,1
89,95,0
80,55,0
31,60,0
91,54,0
92,86,0
51,41,0
95,10,0
102,30,1
100,87,0
63,5,0
69,2,0
80,22,0
72,39,1
113,39,0
39,46,0
89,38,0
47,7,1
93,28,1
28,42,1
88,26,0
106,26,1
25,23,1
69,96,0
114,23,1
33,110,1
39,8,1
106,20,1
69,79,1
40,51,1
84,95,1
92,66,0
79,5,1
106,26,0
91,38,0
63,96,1
76,97,1
26,9,1
71,53,0
79,68,1
80,43,0
35,42,1
106,34,1
17,98,1
93,35,0
66,100,1
23,68,0
98,49,1
67,9,1
95,34,1
90,17,0
47,7,0
106,26,0
111,8,0
84,58,0
50,64,0
101,72,0
2,93,0
51,13,0
112,28,0
35,28,0
58,93,1
103,77,1
16,9,0
50,13,0
78,50,0
20,29,0
58,92,1
20,34,0
54,88,1
27,77,0
100,69,0
35,13,0
68,15,0
34,26,0
63,27,0
67,25,1
70,112,1
60,78,1
3,47,0
19,64,1
43,58,1
50,22,0
87,80,1
30,97,0
20,42,0
15,43,0
28,84,1
63,54,1
101,68,0
28,15,0
78,43,1
108,27,0
6,35,0
106,25,1
15,106,0
13,58,0
94,61,0
99,65,1
92,108,1
8,41,1
38,9,1
79,36,0
50,28,0
103,17,0
10,80,1
47,69,1
53,40,1
47,84,1
114,94,1
38,111,1
21,98,0
89,15,0
29,13,1
67,97,1
99,96,0
38,41,1
47,89,0
71,30,1
100,62,1
108,13,0
65,46,0
7,68,0
5,51,1
99,49,0
54,74,1
29,101,0
78,47,1
12,47,1
109,110,1
26,82,0
53,29,1
95,35,0
3,9,1
63,10,1
83,65,1
98,2,1
16,113,1
97,72,1
57,43,1
40,110,0
74,106,1
43,95,0
59,55,1
97,71,1
39,20,1
101,106,0
108,55,1
9,87,1
19,20,1
100,50,0
64,86,1
74,43,1
18,29,1
86,114,0
31,106,0
11,34,1
55,51,0
25,100,0
65,96,1
107,84,0
64,23,1
75,25,1
106,23,0
39,55,1
72,38,1
8,70,1
1,33,1
96,108,1
90,89,0
76,72,0
13,57,0
42,43,1
52,99,1
87,50,0
16,28,0
29,53,0
92,5,0
86,84,1
17,29,1
89,111,0
47,10,0
34,74,0
91,8,1
46,31,0
53,27,0
25,3,1
60,87,0
86,39,1
41,45,0
79,98,0
86,7,0
48,91,1
25,49,0
76,103,0
103,19,1
47,16,1
91,100,0
18,95,0
91,25,0
18,38,0
34,41,0
21,31,0
47,30,0
76,51,1
80,97,1
106,67,0
28,54,1
21,74,0
69,109,1
50,20,1
87,25,0
106,89,1
78,19,0
2,15,1
16,30,1
53,13,0
27,79,1
7,39,0
77,53,0
112,42,0
31,50,1
87,3,0
94,99,1
47,80,1
64,74,0
73,98,0
5,83,1
20,65,1
55,60,1
79,97,1
79,102,0
85,23,1
10,39,1
43,47,1
51,26,1
96,67,1
107,88,0
68,50,0
9,33,1
51,83,1
7,3,0
65,35,0
100,58,0
84,7,0
89,20,0
86,100,0
11,51,1
53,63,0
86,80,1
93,13,1
39,59,0
78,9,1
40,13,1
95,91,1
89,55,1
92,95,0
19,51,0
114,55,1
60,22,1
72,71,1
40,62,0
53,18,0
74,35,0
69,68,1
96,28,0
9,51,1
64,72,1
43,58,0
84,39,1
95,28,0
92,3,0
76,84,0
18,52,0
64,41,1
114,28,0
111,26,1
15,33,0
68,91,0
60,52,0
50,87,1
7,69,0
7,84,1
51,46,0
78,2,1
93,95,1
42,77,0
28,84,1
63,78,0
75,91,1
71,86,0
12,62,0
47,60,0
60,35,0
87,75,0
33,69,1
85,54,0
19,65,1
26,10,0
20,7,1
109,46,1
6,85,1
69,39,1
13,50,0
75,108,0
111,86,1
51,49,1
112,18,1
51,55,0
79,86,0
86,68,0
7,112,1
63,9,1
50,15,1
57,100,1
28,25,1
55,112,1
106,80,1
5,112,0
7,17,0
7,37,1
63,32,1
51,48,1
9,92,1
10,87,1
73,121,0
41,79,0
17,2,0
25,71,1
50,94,0
62,76,0
102,44,1
91,33,0
11,86,1
95,27,0
22,3,0
7,47,0
50,26,1
54,43,0
90,28,0
3,88,1
87,48,1
70,29,1
70,14,0
56,15,1
92,79,1
86,75,0
8,17,0
20,30,1
7,32,1
107,2,1
38,53,0
1,20,1
49,53,1
43,72,1
106,48,1
88,26,1
65,111,1
25,60,0
25,107,0
41,55,1
112,25,1
13,44,0
9,92,1
96,17,1
88,94,1
109,8,0
15,71,0
102,27,1
16,11,0
89,25,0
51,103,1
80,13,1
81,98,1
101,54,1
26,20,1
25,30,1
70,44,0
76,54,1
96,65,1
27,94,0
47,22,0
47,48,1
20,65,0
90,12,1
57,101,1
86,25,0
75,17,1
41,112,1
19,8,1
54,2,0
73,93,0
72,79,1
13,65,0
64,53,1
25,100,0
38,95,1
43,9,0
5,23,0
54,93,0
19,36,0
3,8,0
7,86,0
106,114,0
1,50,1
93,55,1
18,103,1
101,96,1
102,36,1
80,16,0
61,72,1
100,20,0
9,42,1
87,100,0
28,9,0
7,18,1
109,16,1
74,3,0
57,106,0
8,3,1
72,92,1
58,55,1
5,102,1
12,13,0
39,26,1
69,20,1
54,5,1
11,86,1
22,101,0
38,111,0
3,92,0
19,11,0
33,42,0
7,37,1
11,29,0
7,69,1
77,99,0
27,22,0
7,48,1
79,78,0
79,83,1
112,42,1
4,42,0
49,41,0
92,39,0
67,69,0
32,25,0
65,3,1
58,16,1
18,110,1
16,99,1
60,45,0
44,7,0
41,76,0
41,40,1
55,98,1
27,97,0
86,7,0
85,39,1
34,100,1
8,67,1
3,51,0
30,101,1
74,3,0
64,68,0
50,87,1
86,106,0
74,11,1
8,97,0
65,1,1
46,41,1
103,26,0
47,79,1
15,66,0
30,69,1
34,63,1
33,86,1
112,101,1
96,60,0
39,67,1
39,101,0
49,80,0
50,55,1
27,35,1
79,26,0
79,10,0
69,15,0
45,16,1
50,94,1
39,87,0
70,32,0
50,52,0
72,6,0
45,55,1
88,21,1
58,3,0
86,10,0
20,19,0
95,60,0
7,31,1
33,91,0
7,45,1
41,107,1
78,44,0
2,12,0
26,29,0
11,1,1
86,87,0
25,23,1
106,107,0
73,101,0
112,16,0
103,98,1
68,31,0
43,69,0
15,93,1
87,29,1
3,84,1
44,38,1
60,7,0
77,48,0
88,86,1
62,65,1
90,91,0
5,73,1
1,5,1
98,16,1
74,76,0
58,103,0
16,99,0
28,25,0
53,112,1
65,51,0
62,72,1
68,79,0
44,86,1
46,25,1
37,23,0
34,13,0
106,78,1
8,55,0
74,76,1
54,8,1
17,3,1
78,101,0
83,32,1
3,42,1
2,46,1
5,73,0
23,78,1
110,85,0
20,12,1
29,39,0
93,39,1
23,41,1
49,38,1
20,84,1
10,69,0
72,111,0
65,102,1
107,100,1
30,52,1
63,32,0
73,88,0
65,7,0
41,102,0
16,37,1
50,86,0
30,81,1
23,63,1
63,57,1
51,6,1
34,107,1
50,69,0
80,53,1
48,29,1
106,7,0
72,1,0
16,108,1
90,98,1
96,11,1
57,88,1
26,3,0
86,55,1
2,11,1
5,50,1
16,70,0
71,109,1
42,9,1
7,15,1
97,3,0
21,29,1
72,74,0
89,49,1
51,79,0
52,93,1
16,78,0
10,81,0
23,2,1
49,88,0
33,21,0
8,71,1
86,51,1
41,101,0
109,32,0
91,16,1
65,64,1
41,3,0
87,11,1
40,106,1
34,48,0
79,91,1
72,86,1
2,56,0
83,67,0
13,86,1
77,53,1
51,55,0
71,50,0
20,70,0
103,87,1
10,102,1
83,51,0
78,7,1
68,98,1
79,43,1
72,62,0
103,6,1
47,88,0
35,7,1
50,5,0
68,88,0
67,7,1
62,77,0
36,109,1
16,104,0
47,43,1
100,50,1
8,84,0
83,54,1
68,41,0
71,86,1
75,62,0
112,51,1
46,33,0
74,53,1
109,98,0
2,28,0
54,15,0
63,102,0
68,11,1
11,72,1
23,38,1
93,50,0
60,40,0
91,83,1
11,17,0
102,91,0
58,53,0
86,79,1
38,110,1
101,9,0
34,11,0
98,110,1
62,77,0
33,91,0
11,107,1
8,29,0
47,101,1
75,88,0
78,81,1
20,10,1
6,33,1
49,119,0
74,99,0
107,43,1
45,20,0
36,15,1
18,55,1
26,20,1
20,55,1
31,45,0
29,34,0
88,98,1
28,84,0
51,77,0
17,54,1
61,19,1
74,69,1
19,64,0
86,91,0
48,97,1
23,41,1
111,69,1
16,33,0
106,9,1
96,50,0
30,86,0
22,97,1
71,9,1
86,20,0
63,84,1
110,39,1
79,51,0
110,31,0
106,12,1
21,100,1
48,60,0
63,8,0
46,59,0
68,87,1
84,74,1
64,42,0
8,54,1
52,11,0
13,53,1
22,26,1
47,10,1
15,92,1
93,66,0
38,52,1
20,54,0
15,50,1
37,84,1
55,8,0
9,20,0
28,108,1
15,54,0
20,101,1
23,101,1
29,39,0
112,27,0
57,62,1
82,69,1
89,5,1
44,54,1
86,79,1
22,106,0
34,107,1
13,14,1
107,26,1
8,54,1
49,93,0
55,16,1
9,44,0
51,38,0
85,107,1
76,28,0
47,7,1
2,50,1
83,49,1
38,68,0
103,69,1
107,25,1
84,50,0
78,8,1
72,65,0
68,53,0
73,55,1
62,23,1
43,72,1
72,54,0
64,62,0
22,1,0
69,78,0
62,18,1
51,16,0
21,86,0
109,65,0
84,29,1
10,30,1
73,91,0
8,63,0
29,99,0
71,17,1
10,79,1
48,98,0
78,19,1
27,4,0
11,106,0
34,9,1
17,11,0
13,46,0
50,79,1
17,58,0
61,49,1
11,86,0
41,75,1
85,86,0
86,10,1
74,64,0
89,9,0
56,72,1
89,88,0
72,54,0
55,13,0
48,90,1
62,30,1
38,53,1
13,49,1
7,43,1
14,75,0
54,16,1
68,65,1
86,110,1
15,25,1
5,92,0
77,21,1
106,16,1
87,34,1
27,9,0
43,9,1
97,72,0
12,38,0
106,31,0
5,18,0
79,65,0
30,83,1
54,65,1
1,5,1
66,25,1
63,91,1
43,38,0
88,55,0
31,88,0
88,16,1
72,39,1
89,23,1
7,15,1
35,88,0
9,65,0
13,26,1
86,37,1
85,40,1
54,15,1
59,14,1
10,46,0
7,4,1
27,16,1
91,88,0
62,21,1
15,85,0
73,93,1
101,72,0
39,5,1
95,55,1
20,3,1
29,72,0
50,1,0
49,5,1
85,8,1
91,10,1
51,40,1
35,29,0
34,26,0
40,69,1
20,69,1
28,112,0
54,16,0
49,77,0
104,102,1
41,77,0
106,69,0
64,96,0
74,79,0
36,46,0
51,96,0
55,41,0
71,31,1
69,68,1
104,84,1
58,23,0
50,85,0
31,19,1
3,19,0
9,29,1
30,8,1
91,25,1
25,36,0
71,17,0
79,38,1
51,114,0
31,39,1
76,71,0
32,2,1
35,16,0
85,96,0
73,70,1
36,107,1
7,51,1
6,63,0
86,41,1
101,86,0
93,74,0
69,42,1
99,19,0
85,56,1
45,27,0
17,71,0
43,8,0
68,63,0
22,16,0
35,76,0
110,20,1
53,79,0
20,31,1
5,68,1
48,74,1
64,13,0
30,12,1
74,63,0
17,92,1
86,88,1
100,26,1
51,7,0
25,5,0
86,82,0
54,63,0
3,43,1
96,7,1
48,29,1
73,80,1
60,58,0
74,70,0
54,72,1
20,71,0
94,49,0
46,107,1
39,13,1
53,93,1
4,9,0
7,50,1
67,29,0
11,91,1
70,85,0
7,2,0
77,8,1
18,26,0
69,30,1
23,57,0
76,101,1
53,96,0
96,100,1
69,3,1
15,96,1
103,29,1
41,54,1
26,101,0
47,74,0
69,75,1
49,55,1
45,63,0
59,15,0
41,79,1
76,12,1
103,74,1
15,50,1
91,8,0
9,2,0
11,7,1
56,20,1
101,95,0
15,27,1
58,64,1
92,69,0
47,44,0
21,30,0
52,12,1
51,31,0
103,60,1
7,87,0
58,108,0
87,50,0
2,23,0
68,21,0
103,3,0
21,65,1
100,53,0
109,55,1
60,85,0
45,12,0
55,17,0
1,55,1
38,79,1
92,13,1
50,65,1
76,65,0
79,46,0
70,41,1
20,84,1
58,56,0
79,78,1
47,69,1
98,69,1
59,22,0
25,39,1
98,60,1
69,35,0
53,90,0
60,7,1
42,89,0
106,89,1
30,2,1
112,25,0
69,40,0
9,102,1
9,35,1
55,100,1
72,85,0
92,63,0
39,74,0
51,82,0
72,92,0
92,79,1
38,29,1
74,28,0
81,17,1
33,23,1
78,80,1
1,53,1
11,78,0
42,51,1
30,60,1
74,9,0
69,43,1
11,73,0
41,58,1
30,87,0
92,93,0
86,13,1
85,60,0
103,33,0
66,53,1
93,89,0
79,65,0
45,56,1
74,93,0
54,77,0
88,36,1
15,88,0
88,96,0
34,87,0
53,16,0
64,34,0
55,109,0
49,80,1
11,39,0
43,42,0
98,104,0
87,3,1
8,95,0
38,71,0
60,29,0
41,99,1
40,101,1
107,34,1
76,107,0
72,15,0
90,100,1
12,86,0
107,86,1
88,51,0
119,62,0
16,5,1
99,29,1
27,25,1
72,50,0
17,97,0
108,8,1
102,42,1
72,74,1
3,65,1
100,50,0
7,106,0
18,64,0
39,86,1
65,70,1
10,103,0
77,66,1
44,36,1
29,106,1
60,55,1
8,32,1
29,33,1
85,11,0
87,62,1
18,55,0
30,60,0
60,100,1
92,13,0
79,30,0
66,7,1
17,46,1
5,27,1
65,108,1
64,74,1
86,26,1
50,65,1
76,50,0
8,39,0
111,8,0
11,98,1
65,84,0
12,53,1
15,93,1
45,99,1
71,27,0
74,55,0
20,61,0
27,15,0
20,64,0
37,44,0
86,20,0
66,65,0
7,101,1
13,97,1
26,72,1
26,78,1
107,32,0
6,79,1
5,101,0
86,21,1
15,31,0
97,46,0
27,78,1
8,87,1
106,13,0
101,26,0
4,68,0
53,50,0
30,67,0
27,20,0
4,28,1
16,1,1
51,87,1
53,93,0
121,96,0
63,86,1
93,11,0
37,47,0
72,19,1
111,55,0
19,38,1
50,71,1
19,69,1
92,34,0
8,84,1
7,74,0
27,48,0
98,70,0
72,48,0
87,48,1
35,64,0
1,73,1
50,1,0
40,70,1
94,91,1
5,60,1
97,27,0
26,78,0
29,86,1
106,20,1
15,55,1
40,18,1
72,3,0
30,101,0
114,20,0
29,39,1
63,13,1
78,99,1
27,29,1
5,51,0
10,38,0
103,10,0
73,48,0
78,69,0
28,51,1
28,86,1
49,62,0
6,72,0
55,48,0
7,23,1
96,98,1
23,27,0
91,101,0
50,71,0
69,2,0
86,3,0
7,15,1
107,72,1
65,97,1
16,41,1
36,3,1
63,86,0
62,38,1
68,92,1
85,104,1
28,86,0
29,101,1
56,1,1
87,69,1
62,64,0
51,61,0
46,69,0
2,71,0
68,26,1
16,43,1
3,8,1
2,86,0
79,68,1
51,74,0
79,101,1
7,109,1
68,22,0
119,66,1
11,103,1
30,84,0
7,72,0
54,55,0
39,84,1
11,3,1
53,111,1
32,26,0
8,68,0
25,119,0
61,26,1
72,109,0
60,101,1
88,90,1
8,104,1
26,3,1
13,5,1
92,89,1
47,53,1
15,69,0
28,83,0
27,31,0
30,48,1
3,19,1
7,65,1
68,32,1
60,100,1
13,29,0
43,7,1
106,88,0
30,57,0
90,65,0
104,95,0
80,86,1
68,30,0
25,72,0
18,79,1
64,36,0
35,43,1
22,88,0
18,82,0
21,56,1
79,91,0
91,84,1
52,101,1
106,85,1
26,46,0
87,10,1
76,86,1
72,112,1
1,25,1
8,75,1
3,101,1
86,53,0
64,73,0
33,42,0
20,96,0
69,9,1
79,95,0
20,17,1
97,36,0
72,87,1
78,106,0
48,2,1
16,7,0
5,80,0
35,8,1
17,86,0
72,47,0
84,16,0
103,54,1
55,106,0
77,60,0
23,97,1
83,99,0
101,82,1
35,64,0
51,39,0
25,103,1
41,57,0
112,59,0
8,30,0
42,19,1
60,17,1
14,11,0
11,88,0
5,71,1
7,100,0
106,88,0
41,7,1
28,34,1
6,52,1
53,93,1
36,86,1
74,22,0
87,6,1
21,73,0
96,78,0
49,72,1
3,71,0
32,36,1
110,109,1
13,25,1
55,50,0
86,51,0
98,5,0
47,78,0
45,20,0
84,86,0
4,76,1
13,90,1
79,89,0
20,39,0
22,20,1
68,90,1
71,32,1
90,26,1
17,88,1
68,36,0
9,5,0
11,21,1
98,62,1
86,89,1
88,17,0
92,39,1
69,15,1
86,95,1
91,8,0
26,44,0
86,17,0
40,20,0
40,27,1
46,2,0
56,22,1
64,109,0
31,30,0
39,60,1
13,4,0
76,11,0
95,25,1
93,29,1
47,18,1
22,91,1
65,98,1
52,21,1
87,30,0
39,58,1
106,5,1
86,71,0
43,100,0
103,29,0
38,101,0
65,30,0
5,25,1
54,43,0
11,27,0
47,77,0
2,106,0
69,74,1
15,33,1
5,50,1
6,61,0
25,93,1
13,84,0
6,32,0
88,64,1
53,107,0
83,101,1
36,21,1
85,38,0
32,58,1
29,78,0
12,97,1
100,62,1
114,101,0
68,74,1
11,30,0
20,8,0
19,12,0
60,101,1
10,76,1
16,20,1
46,74,1
55,41,1
85,60,0
57,60,1
51,5,1
55,39,1
35,65,1
84,20,1
100,59,0
112,88,1
50,12,0
8,112,0
48,68,1
41,47,0
86,90,1
19,17,0
35,41,1
64,100,1
111,23,1
46,31,0
16,76,1
5,120,0
28,74,1
9,88,1
55,54,0
3,17,1
86,1,0
84,38,1
104,27,0
101,72,0
8,20,1
33,78,0
17,93,1
54,8,1
14,47,1
10,109,0
76,40,0
65,91,1
48,16,1
68,53,1
47,39,1
48,20,1
31,69,1
32,42,1
9,37,0
112,16,1
22,86,1
72,10,0
55,38,0
96,39,1
44,91,0
45,16,1
23,76,0
63,54,0
62,81,0
36,96,1
68,25,0
38,65,1
48,87,0
106,83,0
48,103,0
7,95,0
64,50,1
74,28,0
88,80,0
49,54,1
86,57,1
44,29,1
7,66,0
12,107,0
66,34,1
111,84,0
101,67,1
65,70,0
10,16,0
53,47,1
66,86,0
66,90,0
41,68,1
8,74,0
97,53,0
51,40,0
47,38,1
44,79,0
41,9,1
47,99,1
26,90,0
14,106,0
58,7,1
86,5,1
2,67,1
7,25,1
20,69,1
90,39,0
44,103,0
22,91,1
85,106,1
50,17,0
78,33,1
97,39,0
85,30,1
7,2,0
21,36,1
19,65,1
39,104,1
50,106,0
8,26,1
31,54,0
51,86,1
15,47,0
89,58,1
77,30,1
38,107,1
86,21,0
9,93,0
16,85,1
94,87,0
25,52,1
93,107,1
28,43,1
106,104,1
29,114,0
64,104,1
8,26,0
75,83,1
46,64,1
28,51,1
68,7,1
107,102,0
66,76,0
104,98,1
31,41,0
101,39,0
72,76,0
6,28,1
94,86,1
54,46,0
63,92,0
43,62,0
64,89,0
114,27,1
39,25,0
51,43,1
101,51,1
87,30,0
83,13,1
121,95,1
64,60,1
84,104,1
3,8,0
38,51,1
63,7,1
19,91,0
21,61,1
49,110,0
3,80,0
63,114,1
43,15,0
20,88,1
8,77,1
26,31,0
11,100,0
94,3,1
21,110,0
87,56,0
99,73,0
86,103,1
60,107,0
95,84,0
75,79,1
93,102,1
11,20,1
36,1,1
97,9,0
33,13,1
33,20,1
69,74,1
20,33,1
89,66,0
30,69,0
50,64,1
35,98,1
38,7,0
52,10,1
39,86,1
53,101,1
7,29,1
57,84,0
40,96,1
77,97,0
82,51,1
110,22,1
47,30,1
50,28,1
44,72,0
75,49,0
97,40,0
112,55,0
84,91,1
91,8,0
15,51,1
48,78,0
54,96,1
13,41,1
35,13,1
39,21,1
50,25,1
84,7,1
68,11,1
78,11,0
13,94,1
68,91,1
26,43,1
84,13,1
41,69,0
19,33,0
60,85,1
7,106,0
88,37,1
48,84,1
34,27,1
63,106,0
16,78,1
18,55,0
85,15,0
72,96,0
9,91,1
8,26,1
18,89,0
3,66,0
53,50,0
92,88,0
55,5,1
85,91,0
14,93,0
65,98,0
46,11,1
31,69,0
67,29,0
12,87,0
52,41,1
103,51,1
29,31,1
22,41,1
103,104,1
8,102,0
3,29,1
84,39,1
88,102,0
26,47,0
86,31,0
20,51,1
97,90,0
111,112,0
7,21,0
86,10,1
64,8,1
106,87,0
25,53,1
66,34,1
55,45,1
29,101,0
15,74,1
92,78,0
67,47,0
64,7,0
85,12,1
102,72,0
29,6,0
51,87,1
65,88,1
92,56,1
63,13,0
74,13,1
6,16,0
98,10,0
61,27,1
94,78,1
50,86,0
63,71,1
87,86,1
63,111,1
11,86,0
50,70,0
84,23,0
3,84,1
111,65,1
79,17,0
67,57,0
40,55,0
20,29,1
84,42,1
28,48,1
17,7,0
68,84,0
93,8,1
96,97,0
21,86,0
60,76,1
73,9,1
80,74,1
91,10,0
14,37,1
65,86,0
98,55,0
11,63,0
49,47,0
7,11,0
8,86,0
22,95,1
11,47,1
54,27,1
97,83,0
15,96,1
30,51,0
55,99,1
65,76,0
18,8,0
65,7,0
68,8,0
49,73,1
48,20,1
1,40,0
101,38,1
29,9,1
27,89,1
111,46,1
87,27,1
13,69,1
30,91,1
87,37,0
39,7,1
31,52,0
5,37,1
103,44,1
88,68,1
33,13,1
106,71,0
72,67,1
72,12,0
87,72,1
91,38,1
100,14,1
109,65,0
17,9,0
3,89,0
30,75,0
49,16,0
33,69,1
87,108,1
75,46,1
86,49,1
3,49,0
41,74,1
49,102,1
79,13,0
94,29,1
76,93,0
86,88,1
18,88,1
111,18,0
87,68,1
17,55,1
101,40,0
20,42,1
64,81,1
93,73,0
94,68,0
21,39,1
88,22,1
78,7,0
39,64,0
54,65,0
103,18,1
75,52,1
101,109,0
39,91,0
18,80,1
34,69,1
83,77,1
34,33,0
72,20,0
76,66,0
96,35,0
53,34,0
46,40,0
55,62,0
31,41,1
17,87,1
16,42,1
9,8,1
26,61,0
20,5,1
93,36,1
20,70,1
68,12,0
26,17,0
41,63,1
76,5,0
55,62,0
17,40,1
55,64,0
80,78,1
101,15,0
20,104,1
102,65,0
93,50,1
75,18,0
96,77,1
5,46,0
93,107,1
26,83,0
106,8,0
51,53,0
65,43,1
99,112,1
43,89,1
87,77,0
17,49,0
17,1,0
73,91,1
83,16,1
16,90,1
92,29,1
60,65,0
83,36,0
75,47,0
53,55,0
39,46,0
88,7,0
21,79,1
11,50,1
59,17,0
85,12,1
20,18,1
20,16,1
38,76,0
42,7,0
20,93,1
2,74,0
110,8,0
25,99,1
34,51,1
51,41,0
40,65,1
101,95,0
65,9,1
21,72,1
106,8,1
97,8,1
85,57,0
86,100,0
47,46,1
102,48,0
23,84,0
46,97,0
20,2,0
64,86,0
2,39,0
88,85,0
92,99,1
103,70,1
31,109,1
8,72,0
65,55,1
25,88,1
8,40,0
92,5,0
5,79,1
84,63,0
30,80,0
42,87,1
55,97,1
34,43,0
112,30,0
75,29,0
7,101,0
32,94,0
66,100,1
12,13,1
64,11,0
17,55,0
79,8,1
98,78,0
91,9,1
18,74,0
78,49,1
90,80,0
54,46,1
17,57,0
47,8,1
86,90,1
47,10,1
55,53,0
74,113,0
50,100,0
7,74,1
86,75,1
106,12,0
9,107,1
38,79,0
30,36,0
9,108,0
20,65,1
15,86,0
55,112,0
50,119,1
42,51,0
7,79,0
87,75,1
79,67,0
30,58,0
93,82,0
100,13,0
74,3,1
80,47,0
19,3,1
80,86,1
43,101,0
79,65,0
98,1,1
8,25,1
16,80,1
86,8,0
63,72,0
23,77,1
41,51,1
76,48,1
51,27,1
86,55,1
92,48,1
79,64,1
20,43,0
8,35,0
16,60,0
65,13,0
74,107,1
13,30,1
39,107,0
78,79,1
53,91,1
54,46,1
26,43,0
77,80,0
28,88,0
81,30,1
29,64,1
13,63,1
86,49,1
60,96,0
85,2,1
91,98,1
61,42,1
9,65,1
65,7,1
91,36,1
30,58,1
60,55,1
15,63,1
1,27,0
111,65,1
85,6,1
51,49,0
8,90,1
86,20,0
26,56,0
13,7,0
86,79,1
28,38,0
29,40,0
22,5,0
11,25,1
90,48,0
7,68,1
27,9,0
49,86,1
51,7,1
87,106,0
74,20,0
25,61,0
17,63,1
79,72,1
70,68,1
90,111,1
69,39,1
39,74,1
20,93,0
92,86,1
15,108,0
73,79,0
79,96,0
15,43,1
38,74,0
107,57,1
43,93,1
58,20,0
62,99,1
50,104,1
72,112,0
47,33,1
56,77,1
33,19,0
22,9,0
11,54,1
39,80,1
81,27,1
51,79,1
95,87,0
66,74,1
20,29,0
86,58,0
57,108,1
23,111,1
10,3,1
30,99,0
112,93,1
27,51,1
20,106,1
68,92,0
42,97,0
96,16,0
41,73,1
16,86,0
54,98,1
99,51,0
15,111,0
33,74,0
88,52,0
25,23,1
92,54,1
74,98,0
7,53,0
17,87,0
42,64,1
17,12,0
96,10,0
7,50,0
65,74,1
1,99,0
58,54,0
55,67,1
39,33,1
89,38,1
39,100,0
43,86,0
29,77,0
69,106,1
20,22,1
69,5,1
9,86,1
16,10,1
2,109,1
102,51,1
74,68,1
103,86,0
80,20,0
103,87,1
87,99,0
65,13,0
54,93,1
93,49,0
27,2,0
48,51,0
2,68,0
109,57,1
38,55,1
16,102,0
68,65,1
65,30,0
98,88,0
50,87,1
42,8,0
43,33,0
79,16,1
86,111,1
86,35,0
13,77,1
10,110,1
55,11,1
74,61,0
101,44,1
13,27,0
80,45,0
39,31,0
37,89,0
102,112,0
48,74,1
29,9,0
114,44,0
23,102,0
47,63,1
5,43,0
37,25,0
13,53,0
64,101,0
57,51,0
34,79,1
51,54,1
3,16,0
23,40,1
84,15,0
28,27,0
35,11,0
88,38,0
63,29,1
83,15,0
55,97,0
12,13,0
66,75,1
50,33,0
70,74,1
21,61,1
93,86,1
1,55,0
11,63,1
53,65,0
69,99,1
39,25,1
9,50,1
20,29,1
25,106,0
86,101,1
27,16,0
4,61,0
64,96,1
79,81,0
54,13,1
51,95,0
69,74,1
9,13,0
39,73,0
102,107,0
50,26,1
84,96,1
45,51,1
33,41,1
86,64,1
51,9,0
80,102,1
39,102,0
35,9,0
10,9,1
94,5,0
41,73,0
26,75,0
6,18,1
30,6,1
58,91,1
65,33,1
93,95,0
30,29,1
87,36,1
85,84,1
41,43,0
8,80,1
15,47,0
93,19,0
28,5,1
29,28,1
86,88,0
101,79,0
20,74,0
3,93,0
42,25,0
38,78,1
64,19,0
47,11,0
38,71,0
88,48,0
109,112,1
92,73,0
8,20,1
65,58,0
5,69,1
9,30,0
7,113,1
63,108,0
107,62,0
7,54,0
68,40,0
16,20,0
101,18,0
50,30,0
73,33,0
88,31,0
93,9,0
33,9,1
77,17,1
31,72,0
49,47,0
3,13,0
34,33,0
47,4,0
25,30,0
8,106,1
38,56,0
44,75,0
67,86,1
55,49,0
35,114,1
7,84,0
52,69,0
85,87,1
55,25,1
47,1,1
99,2,0
80,58,1
25,93,1
101,54,1
9,17,0
73,106,0
50,18,1
31,98,1
94,85,0
25,99,0
23,73,1
15,1,0
86,110,1
49,86,1
73,76,1
96,119,1
63,20,0
97,47,1
39,74,1
107,60,0
34,56,0
29,16,1
3,77,0
31,87,0
63,65,1
100,55,1
17,96,1
15,33,0
91,54,0
11,21,1
64,20,1
85,75,0
88,7,1
7,9,0
100,25,1
86,27,0
63,47,0
106,50,1
10,14,1
47,51,0
39,37,0
39,100,0
78,91,1
45,74,1
104,21,1
11,91,1
56,17,1
5,13,1
67,9,1
106,52,0
7,84,0
16,86,0
55,15,1
29,7,1
79,19,1
92,58,0
101,47,1
73,39,1
75,13,0
55,31,0
33,91,1
16,43,1
84,23,0
26,16,1
29,9,0
87,99,0
3,20,0
102,95,0
72,29,0
42,20,0
93,39,1
68,55,0
52,47,1
74,88,1
87,63,0
93,40,1
84,44,1
63,67,1
76,98,0
32,18,0
23,38,0
58,69,0
7,72,1
17,16,1
23,65,1
86,90,1
76,19,1
76,87,1
92,48,0
79,45,0
26,3,1
18,39,0
77,99,0
31,69,0
13,3,0
9,13,0
55,80,0
49,7,1
106,35,1
62,89,1
100,8,1
8,97,1
97,55,0
22,50,0
72,25,1
51,27,0
92,86,0
63,34,0
66,16,1
7,8,0
63,11,1
84,119,0
27,11,0
106,27,0
86,41,1
20,104,0
79,53,1
84,20,0
34,76,0
39,78,1
103,78,0
65,84,0
81,78,1
60,61,0
73,55,0
68,61,1
55,63,0
83,72,1
84,14,1
90,100,1
5,41,0
7,46,1
100,61,0
41,61,0
72,8,0
76,92,1
110,30,0
26,93,1
100,8,0
11,50,1
95,11,1
26,72,1
9,110,0
7,43,1
46,64,1
58,79,1
15,103,0
65,39,0
64,40,1
1,34,0
52,21,0
20,68,1
69,9,1
9,85,1
100,50,0
79,93,0
78,50,1
15,13,0
7,72,1
39,101,0
88,86,1
3,74,1
1,78,0
83,76,1
50,9,0
20,49,1
86,60,0
54,80,1
78,47,1
69,51,1
87,83,1
7,100,1
88,93,0
17,90,0
43,13,1
106,55,0
42,44,0
72,68,0
55,87,0
110,38,0
26,89,1
60,100,1
14,75,1
65,93,0
79,89,0
107,47,1
114,9,1
80,38,1
43,20,1
16,41,1
55,10,1
50,20,0
47,39,1
50,96,0
86,111,1
100,91,0
74,89,0
17,84,1
33,20,1
85,91,0
63,84,0
91,34,1
85,91,0
35,44,0
5,23,0
38,107,1
52,76,1
54,77,1
15,94,0
43,101,1
43,74,1
39,114,0
74,47,0
15,54,0
74,80,0
52,49,0
79,30,0
54,11,0
3,11,0
110,108,1
89,2,0
54,30,0
54,55,0
3,51,0
16,86,0
7,78,1
7,42,0
42,4,1
85,72,0
13,101,1
106,79,1
46,3,0
11,98,1
64,15,1
96,37,1
65,53,0
64,58,0
51,50,0
97,96,1
27,100,1
67,97,1
3,11,1
54,109,0
53,41,0
53,66,1
85,112,1
3,87,1
3,21,0
110,91,0
110,72,1
79,19,1
65,41,1
29,84,1
79,92,1
16,68,0
79,31,1
13,43,1
66,25,0
20,77,1
104,21,0
90,60,1
50,42,0
21,29,0
3,68,0
78,35,0
87,28,0
29,78,1
7,63,0
74,9,0
79,42,0
57,29,1
101,97,0
72,53,0
39,51,0
96,2,0
9,46,1
79,90,1
51,8,1
70,38,0
49,25,1
76,55,1
65,87,0
95,8,0
33,25,0
19,104,0
5,73,0
84,40,0
72,17,1
65,38,1
18,54,0
80,36,0
25,67,0
42,78,0
95,94,0
64,65,1
74,50,0
72,10,1
39,27,1
75,23,0
93,65,0
7,88,1
74,106,1
101,94,0
57,78,0
11,111,1
67,45,1
114,62,0
86,41,0
72,29,1
33,9,1
5,93,0
89,73,1
41,99,1
49,21,1
13,51,0
107,78,1
60,57,0
60,83,0
41,72,0
11,45,0
98,57,0
20,8,1
8,9,0
8,41,0
64,81,0
62,104,1
92,90,1
17,89,0
53,119,1
74,38,0
25,7,1
43,89,1
86,30,1
76,88,0
13,53,1
63,71,1
20,85,1
35,5,0
16,25,1
66,30,0
86,55,1
33,83,0
75,41,0
59,57,0
63,101,1
86,16,1
65,85,1
85,50,0
34,23,0
34,13,1
56,107,0
96,87,1
25,53,1
55,12,1
17,16,0
60,88,1
107,69,1
84,9,1
21,65,1
52,13,1
65,114,0
33,87,1
5,50,1
100,21,1
12,86,1
11,72,1
81,52,0
96,68,0
20,39,0
90,7,1
50,44,0
28,19,0
86,16,0
26,79,1
9,41,1
79,68,1
25,76,0
26,2,0
12,71,1
45,9,0
8,29,1
41,49,1
7,75,0
37,50,1
5,96,0
69,63,0
40,89,0
35,79,0
34,77,0
66,47,1
100,42,0
10,63,0
101,68,0
29,58,1
63,26,0
15,100,0
84,15,1
105,21,1
40,69,0
13,88,0
91,25,1
33,65,1
86,29,1
79,7,0
21,11,1
110,97,0
13,76,1
60,72,0
42,16,1
67,3,0
70,54,0
74,66,0
54,41,1
77,86,0
98,96,0
55,51,1
63,54,1
93,53,0
86,40,1
99,20,0
6,20,0
50,8,1
40,10,1
64,6,0
98,11,0
28,88,1
37,63,1
75,93,0
55,25,0
48,88,0
77,36,1
47,73,1
62,100,1
10,96,1
81,76,1
11,61,1
25,66,0
86,76,1
29,43,1
51,7,1
49,106,0
6,87,1
12,23,0
51,19,0
53,18,0
86,77,0
6,47,0
51,30,0
46,43,1
14,49,1
74,107,0
20,38,1
68,63,0
35,20,1
9,64,1
36,74,1
109,18,0
32,104,0
39,15,1
8,25,0
99,21,0
20,62,0
18,96,1
8,4,0
108,30,1
29,41,0
43,110,0
15,20,1
30,106,0
100,79,0
20,103,0
63,95,0
49,5,0
16,30,1
7,65,0
77,105,0
34,9,0
83,92,0
62,16,0
39,19,1
92,93,1
15,84,0
3,97,1
63,7,1
51,86,0
46,54,0
99,96,0
60,110,1
42,65,1
83,42,0
89,84,0
94,103,1
68,88,1
72,56,1
86,50,0
16,33,1
20,74,1
45,13,1
29,95,1
8,87,1
15,60,1
92,114,1
77,7,1
3,51,1
35,1,0
41,3,0
106,47,0
68,96,1
11,10,1
103,20,1
87,53,1
74,28,0
68,7,1
69,31,0
51,72,1
33,80,0
46,40,0
72,25,1
110,60,1
89,39,0
107,93,1
18,106,1
20,26,0
55,31,1
60,108,1
16,88,1
21,5,1
101,50,0
9,113,0
28,13,1
111,16,0
55,69,0
88,102,1
86,78,1
50,46,1
38,46,0
88,65,1
27,41,0
30,68,0
23,20,1
52,7,1
87,109,0
50,56,0
8,9,0
110,31,1
60,49,0
3,39,1
101,5,0
77,68,1
27,90,1
86,79,1
39,97,1
18,107,0
3,91,1
39,55,0
41,16,1
41,12,1
3,62,0
51,10,1
75,49,0
50,9,0
73,3,1
27,64,0
112,87,1
3,49,1
72,91,1
98,2,0
79,57,1
25,1,1
77,76,0
34,74,1
34,3,0
38,28,0
101,95,0
75,107,1
5,49,1
20,58,0
67,84,0
54,101,0
46,109,1
99,9,0
16,45,1
92,111,0
84,8,1
28,83,1
7,59,0
77,15,1
84,40,1
87,62,1
110,54,1
21,119,1
86,110,0
89,92,0
26,28,1
46,23,1
43,34,1
27,16,0
79,73,0
15,35,1
111,12,1
109,16,1
25,51,1
97,76,1
98,6,0
47,31,0
77,69,1
34,25,0
113,31,0
69,43,1
7,62,0
70,26,0
96,112,0
8,86,1
26,93,1
43,15,1
3,81,0
16,114,0
87,67,0
51,107,0
1,65,0
9,64,0
1,101,1
15,68,1
33,87,1
89,65,1
69,27,1
26,69,0
9,84,0
41,3,0
98,21,0
51,61,1
13,12,0
104,52,1
58,29,0
69,65,0
15,73,1
18,97,1
98,39,0
45,86,0
18,77,1
27,43,1
54,96,0
8,11,0
20,62,1
7,36,1
16,5,0
39,64,1
79,94,0
103,8,1
52,48,1
92,35,1
18,8,1
99,74,0
92,53,0
30,74,0
46,13,0
46,79,1
9,8,0
106,16,1
11,62,0
17,22,0
93,84,0
86,87,0
9,51,1
51,9,0
77,86,0
89,77,0
73,53,0
45,21,0
87,18,1
39,58,0
31,43,0
64,87,0
63,88,0
53,23,1
106,77,1
17,97,1
90,92,1
61,9,1
86,6,1
38,39,0
11,58,1
74,64,1
11,64,0
94,95,1
74,13,0
91,98,0
68,99,1
17,89,1
74,84,0
78,2,0
30,106,0
112,51,0
6,2,1
26,41,0
31,9,0
51,35,1
74,50,1
68,65,1
16,6,0
112,54,0
87,3,1
66,83,1
31,14,0
101,75,0
59,9,0
109,82,1
60,31,1
76,103,1
50,67,1
58,46,0
95,28,0
1,72,1
71,97,0
5,63,0
13,86,1
107,48,0
16,75,0
27,88,1
10,29,0
16,1,0
55,110,0
28,38,1
15,55,1
101,15,0
88,23,1
85,63,0
53,43,1
63,69,0
84,22,1
15,92,1
13,98,1
101,30,1
9,108,1
101,28,1
15,27,1
38,106,1
38,30,0
7,96,0
28,87,0
13,55,0
78,65,1
106,9,1
101,87,1
59,100,0
101,43,0
97,14,1
26,88,0
18,76,1
93,8,0
87,25,0
85,16,1
107,53,0
15,20,1
69,68,0
51,53,1
38,110,0
61,26,1
8,30,0
2,23,0
58,84,1
106,57,1
101,110,0
16,25,1
16,7,1
99,51,0
1,51,0
69,74,0
64,7,1
73,38,0
42,65,1
96,33,1
49,9,1
55,79,0
26,110,0
28,86,1
38,66,0
78,13,0
13,65,1
9,69,1
20,18,1
55,112,1
62,39,1
40,91,1
41,15,1
34,3,0
45,50,0
4,83,0
74,89,1
8,84,1
99,26,0
81,55,1
65,76,0
90,55,1
59,21,1
111,9,1
3,1,0
5,8,1
87,84,0
17,43,1
20,99,0
27,64,0
50,63,0
72,33,1
54,86,1
60,10,0
87,43,1
12,13,1
86,91,0
46,5,0
107,17,0
69,2,1
96,74,0
39,23,0
86,48,0
48,64,1
39,30,1
54,29,1
20,60,0
70,43,1
79,87,1
106,53,1
93,103,0
55,9,0
50,96,1
65,84,0
103,78,0
41,43,0
65,84,1
40,48,0
46,29,0
27,20,0
51,41,0
8,80,1
39,51,1
63,53,0
87,9,1
50,30,1
1,111,1
16,101,0
103,41,0
80,69,0
53,67,0
54,12,1
19,54,0
27,65,1
38,41,1
5,109,0
91,11,1
13,72,1
64,74,0
97,6,1
46,33,0
9,93,0
99,68,0
73,54,1
88,38,0
92,72,0
29,92,1
61,35,0
31,9,1
34,17,1
78,69,0
65,20,0
23,5,1
98,57,0
50,74,1
25,11,1
2,50,1
41,8,1
51,39,1
72,78,0
43,80,1
29,7,0
21,51,1
26,18,0
76,65,0
26,59,0
20,65,0
96,26,0
28,87,1
47,81,0
46,89,1
50,77,1
40,53,0
53,31,1
65,13,0
26,76,1
98,55,1
20,30,0
52,80,0
74,29,1
102,8,0
95,114,0
44,29,1
100,43,1
76,55,0
102,26,1
10,91,1
64,39,1
87,91,0
107,18,0
92,73,0
27,29,0
74,65,1
32,87,0
101,106,1
68,41,0
57,91,0
51,40,0
34,13,1
86,78,0
88,98,0
93,72,1
42,64,1
91,65,1
86,91,1
30,79,1
57,16,1
5,88,1
16,29,0
53,3,0
49,28,1
53,55,1
111,50,1
51,83,0
88,15,0
12,75,1
30,17,1
39,50,1
92,21,0
54,85,1
43,77,0
28,71,1
30,72,0
9,12,0
49,86,1
38,100,1
16,6,0
15,76,0
26,46,0
86,31,0
19,88,0
71,74,1
27,74,0
34,36,0
18,87,0
76,30,1
111,120,1
23,62,0
40,74,0
5,86,0
64,104,1
94,64,0
54,51,0
87,80,1
11,101,1
78,8,1
1,86,1
86,6,1
121,84,1
9,84,1
49,95,1
71,50,0
2,99,0
71,80,1
49,51,0
35,15,0
64,75,1
66,10,1
97,74,1
46,11,1
7,88,1
19,49,1
25,49,0
8,62,0
90,26,0
88,84,1
112,3,1
26,13,1
58,9,0
7,51,1
100,60,1
86,38,0
31,50,0
90,79,1
9,99,1
56,69,0
72,86,0
55,25,0
97,8,0
21,112,0
91,49,1
50,76,1
71,27,1
98,110,0
84,59,0
65,23,1
53,13,0
25,68,0
68,11,0
50,86,0
39,26,0
49,13,1
68,49,0
87,26,0
12,83,0
35,16,0
87,110,1
13,46,0
47,45,0
13,25,0
22,68,1
47,87,0
91,99,1
29,13,1
34,17,0
43,29,1
101,29,1
43,3,1
17,78,0
102,91,0
87,20,1
38,55,1
58,112,1
101,36,0
1,51,0
64,73,0
112,62,0
14,109,0
106,53,1
8,100,0
39,60,1
1,95,0
79,12,0
86,87,1
31,67,0
49,34,1
14,71,0
7,16,1
15,77,0
39,90,0
3,46,1
85,55,0
78,101,1
1,77,1
55,36,0
7,26,1
78,86,1
3,96,1
74,82,0
20,34,1
91,68,0
89,65,1
85,20,1
26,110,0
79,29,1
32,38,1
75,20,0
77,6,1
110,38,0
107,7,1
39,96,0
87,76,0
114,67,0
48,109,0
9,5,0
11,51,0
36,47,1
16,79,0
92,6,1
30,110,0
50,55,1
112,7,1
85,107,0
110,80,0
35,101,0
49,80,1
85,75,0
84,47,0
72,92,1
63,101,1
52,11,1
87,8,1
15,86,1
41,86,1
9,51,1
78,86,1
17,66,0
86,46,0
39,20,1
98,104,1
91,94,1
16,5,0
23,88,1
28,33,0
19,57,1
91,20,1
40,84,0
80,106,0
88,74,1
46,51,1
65,110,0
111,78,1
27,16,0
50,11,1
55,5,0
49,9,1
87,32,1
60,62,1
91,86,1
87,37,1
61,57,0
15,23,1
93,97,0
114,108,1
28,51,1
29,28,0
107,65,0
33,29,0
55,30,0
7,35,1
66,77,0
20,101,1
79,75,0
32,72,1
79,76,1
78,30,1
79,42,1
33,3,1
19,39,1
76,16,0
106,98,0
94,17,0
72,43,0
66,97,1
23,87,0
100,12,1
72,12,0
45,15,1
40,3,0
78,46,1
112,20,0
45,55,1
85,63,1
30,71,0
66,22,1
55,9,1
82,9,1
64,83,0
12,7,0
3,103,0
10,55,0
16,5,1
8,97,1
7,65,0
96,112,0
4,6,0
107,55,0
9,106,0
2,81,1
51,100,0
31,16,0
27,69,0
92,50,1
30,93,0
40,78,0
51,13,1
44,18,1
3,93,0
37,29,1
29,68,1
80,73,1
96,91,1
66,100,0
33,35,1
53,79,1
10,79,1
69,77,0
29,74,0
9,102,1
37,73,1
7,53,0
55,74,0
66,19,1
49,102,1
70,97,0
9,28,0
47,86,0
88,15,0
101,9,1
6,62,0
61,9,1
65,85,0
47,9,0
5,103,1
13,96,0
49,63,1
68,59,1
2,25,0
101,44,1
84,3,1
91,75,1
75,8,1
13,74,1
26,13,1
55,104,0
67,31,1
25,75,1
13,84,1
27,79,0
86,23,1
18,66,0
43,78,1
54,26,0
87,31,0
28,89,1
39,17,0
46,1,0
100,7,1
98,56,0
41,95,0
23,48,0
47,84,0
72,80,0
47,86,1
46,84,1
72,13,0
110,30,0
7,19,0
79,93,0
63,16,0
101,68,1
101,74,0
55,28,1
13,78,0
13,20,1
41,19,1
89,20,1
93,20,0
49,45,1
51,92,1
10,55,0
15,72,1
64,86,1
50,29,1
100,55,1
41,28,1
54,53,0
29,67,0
38,72,1
107,100,1
110,49,1
54,53,0
86,42,1
86,2,0
14,11,1
56,37,0
16,1,1
111,85,1
86,21,0
9,27,0
75,71,0
32,84,1
80,33,0
7,21,1
52,90,0
33,87,1
52,19,1
55,65,1
2,103,0
77,30,0
8,54,0
74,60,0
26,48,0
29,100,0
30,51,0
85,76,1
3,49,0
55,79,0
61,18,0
30,103,1
69,74,1
50,17,1
30,22,0
39,51,0
54,18,0
58,98,1
49,89,0
25,88,1
88,49,1
20,67,0
51,34,1
51,28,1
109,77,1
74,55,0
25,86,0
68,74,0
48,16,1
86,53,0
47,27,0
41,11,1
65,56,0
38,15,0
9,8,0
71,86,1
96,62,1
46,68,1
7,41,1
86,52,1
50,89,0
93,3,0
16,52,1
76,79,1
77,106,0
50,74,0
20,22,1
65,64,1
49,68,0
77,89,1
7,9,0
79,3,0
41,51,0
101,17,1
16,18,1
66,9,0
99,2,1
101,91,0
41,77,1
44,7,1
3,110,1
95,56,1
73,54,0
63,12,0
13,69,0
26,30,0
23,45,1
2,30,1
79,96,0
91,39,0
84,19,0
48,70,1
25,93,1
106,88,0
93,78,1
68,84,1
56,78,0
53,13,1
27,99,1
75,87,0
56,65,0
7,110,0
11,90,0
96,76,0
31,9,1
68,46,1
8,99,1
65,3,1
66,51,1
61,86,0
101,41,1
107,43,1
29,6,0
87,99,0
114,52,0
95,30,1
3,101,0
68,1,0
87,107,1
22,50,1
20,101,1
78,79,0
57,43,1
100,72,0
1,11,1
71,16,1
50,83,0
68,31,1
65,53,1
110,29,1
47,72,1
106,96,0
95,72,1
11,13,1
36,53,1
57,101,1
47,15,0
52,88,1
83,42,0
79,88,0
41,84,0
13,76,0
72,58,0
74,42,0
11,5,0
50,4,0
100,11,0
13,17,1
102,36,0
62,109,1
86,13,0
16,15,1
96,68,1
1,106,1
5,87,1
85,81,1
13,16,0
28,8,0
38,86,0
111,2,1
93,99,1
97,65,0
106,78,0
39,94,0
65,88,1
19,1,1
42,7,0
59,98,0
39,106,0
4,61,1
48,88,1
15,94,0
79,86,1
11,7,0
101,58,0
92,63,1
68,103,0
2,10,0
50,90,0
78,63,0
21,13,0
50,16,0
55,53,0
8,10,0
71,60,0
85,28,1
41,103,0
63,84,0
54,50,1
64,15,1
18,60,0
11,70,0
63,55,0
100,3,0
104,53,1
39,60,0
4,10,1
78,96,1
112,20,0
17,39,0
18,106,1
52,7,1
5,49,0
30,20,0
73,50,1
41,9,0
38,72,0
75,110,1
77,101,1
23,46,0
51,99,0
91,20,0
28,93,0
29,78,0
46,54,1
107,27,1
12,58,1
43,27,1
50,72,0
48,20,1
63,78,0
121,111,1
34,77,0
74,72,1
26,72,0
71,1,1
36,1,1
53,7,1
53,79,1
7,75,0
30,87,1
3,77,0
55,40,0
103,20,0
9,83,0
68,51,1
81,19,1
93,20,0
15,16,1
85,78,1
95,35,1
85,2,1
55,9,0
50,79,0
72,36,1
42,28,1
30,7,1
28,49,1
104,51,0
84,22,0
114,51,1
22,108,1
3,70,1
72,87,0
28,96,1
23,13,1
7,41,1
69,11,0
86,29,0
63,3,0
80,8,1
28,30,1
30,27,0
55,88,0
3,27,1
79,87,0
107,114,1
84,29,1
2,96,0
96,47,0
68,73,1
12,54,1
70,17,0
84,50,0
89,54,0
73,69,0
80,39,0
17,25,0
3,107,0
30,21,1
96,2,1
102,61,1
7,85,0
49,97,0
18,76,0
94,20,0
86,66,0
13,98,1
54,55,0
86,18,1
97,101,1
20,95,1
26,30,0
78,41,0
90,39,1
65,17,1
80,97,0
72,92,0
31,46,1
19,65,1
64,63,0
63,54,0
15,112,1
44,19,1
40,47,1
56,83,1
40,26,1
13,57,0
41,94,0
86,50,1
64,104,0
54,65,0
31,64,0
39,92,1
91,55,1
103,19,1
88,87,0
30,28,0
5,3,1
41,20,1
32,83,0
9,20,0
26,17,0
63,86,1
82,93,0
85,57,0
3,25,0
68,106,1
39,21,1
53,78,1
27,43,1
16,42,0
9,51,0
64,8,0
48,61,1
41,6,0
52,114,0
5,96,0
68,93,0
48,85,1
43,110,0
65,109,0
19,8,1
54,100,0
47,101,0
90,38,1
97,113,0
72,16,0
27,17,0
36,43,0
65,94,0
96,44,0
96,74,0
51,71,0
16,7,0
30,19,0
31,97,0
66,72,1
2,65,1
90,5,1
88,66,0
30,26,1
102,26,1
2,98,1
10,41,0
92,71,0
88,89,0
11,71,1
63,28,1
44,84,1
87,30,1
57,110,1
89,11,1
110,20,1
51,87,1
92,98,0
69,63,1
72,69,1
16,26,1
60,11,1
1,64,1
112,59,0
86,10,1
61,30,1
22,33,0
84,86,0
57,7,1
86,14,0
43,92,0
77,104,1
31,21,0
19,103,0
86,37,0
93,55,0
2,16,1
26,111,1
12,38,1
51,15,1
67,30,1
13,81,0
5,70,0
87,91,1
18,78,1
49,64,1
9,74,1
40,6,1
40,46,1
69,41,0
39,76,1
4,89,1
96,55,0
72,25,1
5,11,1
84,72,0
30,55,0
93,15,1
5,86,0
67,72,1
107,26,1
19,21,0
20,66,0
98,103,0
38,64,0
78,8,0
26,50,0
86,50,1
89,25,0
114,29,0
49,63,0
72,15,1
103,66,1
25,39,0
41,47,0
1,112,0
11,94,1
77,20,0
97,66,0
110,80,1
4,34,0
86,62,0
79,43,0
47,94,0
2,78,1
47,76,1
67,9,0
108,68,0
16,32,0
3,5,1
87,70,0
16,54,1
60,12,1
71,19,0
106,28,0
87,101,0
15,7,1
53,20,0
2,111,0
2,88,1
84,20,0
50,15,1
54,31,1
30,92,0
70,46,0
63,21,0
23,67,1
112,73,0
93,106,1
28,54,0
57,73,0
7,101,1
100,28,1
86,64,0
75,40,1
65,9,1
84,113,1
16,33,0
35,95,1
65,52,1
95,86,1
30,94,0
7,72,0
55,17,1
30,43,0
20,28,0
84,23,1
15,76,1
36,120,1
39,7,1
12,45,0
102,79,0
37,5,0
113,50,1
5,9,0
90,1,0
88,33,0
33,17,1
33,26,0
79,8,1
48,49,1
15,51,0
19,53,1
94,66,1
20,103,1
55,49,0
92,58,0
11,100,1
40,33,1
42,103,1
98,16,1
13,19,0
33,99,1
41,91,0
86,17,1
96,53,0
7,100,1
80,84,1
30,19,0
88,94,1
99,69,0
42,13,1
5,16,0
28,39,1
55,64,0
96,8,0
58,43,0
41,91,1
65,55,1
93,46,1
25,86,0
52,92,0
47,64,0
90,46,0
107,87,0
2,35,1
20,53,0
39,11,0
86,39,0
89,107,1
47,16,1
22,12,1
13,96,0
74,53,1
86,47,1
86,63,1
6,107,1
72,21,0
98,47,0
17,63,0
107,88,1
16,23,1
11,43,0
22,67,0
65,100,1
66,70,0
90,66,0
23,90,0
65,8,0
108,98,0
26,73,0
107,5,0
9,102,0
106,55,0
29,50,1
49,54,0
11,79,1
18,50,0
88,55,1
66,111,0
80,38,1
25,52,0
52,55,0
72,98,1
20,101,0
58,77,0
108,58,1
112,91,1
68,11,0
39,35,1
51,101,1
86,69,1
80,10,1
5,96,1
84,56,1
53,63,0
15,80,0
33,101,0
50,68,1
5,9,1
70,54,0
8,70,0
86,73,0
108,78,0
83,84,0
64,104,1
42,45,0
69,29,0
101,87,1
18,41,1
72,9,1
40,88,1
35,67,0
26,71,0
101,86,1
55,6,1
58,33,1
9,79,0
20,46,1
81,38,1
3,25,0
51,67,0
93,72,0
64,27,0
8,25,0
43,21,0
37,10,1
3,8,0
2,43,1
55,38,0
16,14,1
18,60,0
25,52,0
64,92,0
69,30,1
9,80,0
102,17,1
19,49,0
97,37,0
22,29,1
94,48,0
3,72,1
50,106,1
59,89,1
50,98,0
16,79,1
15,111,0
16,44,1
35,64,1
63,26,1
10,87,1
48,1,1
82,76,0
80,52,1
74,27,0
4,56,0
21,25,1
65,38,1
5,69,1
5,51,0
86,3,1
5,58,0
87,13,1
71,85,0
9,89,1
26,23,1
17,41,1
52,1,1
55,51,1
104,92,1
22,4,0
52,26,1
16,81,1
11,26,1
12,39,1
86,56,0
35,26,0
29,76,1
7,23,0
58,8,0
55,38,1
44,15,0
15,65,1
7,20,0
53,76,0
50,25,0
17,1,1
48,41,1
50,89,1
13,41,1
76,5,0
34,54,0
55,85,1
28,112,0
77,8,0
68,2,1
64,20,1
7,16,1
64,10,0
41,69,1
7,92,1
63,51,0
35,21,0
39,68,1
52,51,1
54,13,0
68,16,0
63,26,0
39,72,0
58,42,1
41,84,1
39,6,1
2,109,1
93,2,1
38,96,0
64,96,0
91,52,1
42,73,0
63,34,0
101,96,1
69,98,1
5,35,0
86,55,0
112,101,0
112,42,1
60,50,0
76,7,0
86,11,1
19,6,0
6,1,1
109,74,0
17,61,0
13,38,0
73,71,1
71,84,0
83,100,1
52,62,0
15,85,0
55,33,0
70,62,1
68,13,0
35,26,1
28,103,1
10,34,1
40,14,0
12,25,1
39,20,0
91,16,0
78,26,0
97,96,0
20,51,1
51,20,0
90,33,0
37,28,0
77,102,0
7,107,0
27,39,1
78,46,1
71,16,1
107,97,0
16,40,0
4,27,1
70,39,1
38,73,1
34,109,0
97,78,1
87,91,0
72,74,0
107,3,0
83,68,0
103,87,0
112,7,0
78,13,1
49,86,0
100,78,0
111,107,1
77,64,0
100,39,0
41,56,0
20,50,0
41,9,0
96,36,0
10,62,0
52,3,0
101,47,1
111,16,1
39,15,0
35,25,1
16,20,1
50,106,0
44,35,0
53,26,1
30,16,0
100,30,0
97,65,1
39,9,0
107,57,1
112,106,0
80,63,0
2,58,0
23,78,1
27,101,1
9,72,0
87,5,0
50,7,1
7,39,0
86,3,0
51,72,0
11,10,1
14,54,1
27,13,1
87,35,1
32,98,1
91,30,0
98,7,0
35,76,1
87,21,0
27,13,0
18,67,0
50,87,0
8,20,0
23,89,0
25,30,0
11,55,1
22,88,0
53,5,0
29,48,1
85,41,0
87,40,1
79,77,0
92,63,0
39,90,0
70,106,0
59,27,1
16,87,1
112,11,0
104,63,0
74,73,1
56,97,1
38,8,0
2,25,1
96,7,1
17,46,0
96,69,0
112,39,0
62,31,1
106,18,0
50,71,0
55,38,1
110,83,0
99,82,0
27,64,0
29,13,1
60,13,0
119,1,0
34,37,1
43,10,0
82,78,1
12,86,1
77,74,1
72,3,1
109,19,0
83,80,1
65,54,0
101,50,0
7,17,0
18,104,1
33,58,1
50,17,0
27,17,0
63,106,0
44,101,0
55,90,1
29,78,1
28,74,1
7,63,1
73,98,0
75,40,0
20,97,0
39,88,1
65,48,1
21,64,1
77,9,0
62,18,0
23,69,1
44,63,0
87,23,1
90,60,1
86,30,0
75,55,0
88,96,0
10,49,1
60,83,1
92,7,0
64,91,1
101,112,0
41,70,1
87,60,0
84,36,0
31,41,1
79,74,0
41,14,1
95,79,1
51,47,1
86,1,1
51,106,0
78,63,1
21,88,1
39,20,1
38,2,0
64,88,0
62,17,0
92,65,0
39,53,0
75,103,0
64,81,1
16,22,1
39,44,0
63,20,1
86,26,0
34,17,0
21,1,0
121,25,0
66,52,0
95,84,1
37,55,0
64,79,1
101,11,0
87,23,0
72,63,1
94,86,1
13,68,0
102,63,1
29,78,0
16,35,1
10,21,0
106,95,0
31,55,1
79,70,1
38,97,1
109,114,1
55,111,1
68,66,0
83,72,1
18,70,0
1,40,1
30,39,0
112,30,1
26,25,0
74,98,1
78,51,1
55,23,1
96,83,0
8,52,0
54,62,0
65,64,1
63,70,0
40,23,0
2,15,0
8,40,1
38,87,0
29,7,1
60,46,1
100,77,0
86,30,0
92,63,0
17,18,1
15,89,1
99,92,1
33,103,0
27,98,1
111,84,0
55,86,0
51,103,0
41,7,0
31,63,1
54,64,1
98,21,1
39,61,0
19,76,0
23,50,0
13,50,1
90,27,1
19,12,1
20,23,0
20,69,1
107,41,1
70,91,1
16,93,0
111,30,0
111,74,0
40,69,0
78,17,1
16,91,0
8,39,0
16,91,1
65,53,0
13,97,0
28,8,1
43,45,0
98,111,0
42,30,1
51,43,1
52,41,0
91,88,0
86,16,0
28,9,1
68,49,0
55,104,0
6,35,0
10,74,1
30,4,0
54,72,1
67,70,1
8,86,0
10,31,0
111,28,1
111,49,0
89,96,0
51,72,0
41,7,0
79,20,1
58,38,0
110,88,0
97,18,0
49,83,0
86,10,0
43,16,0
74,57,0
65,108,0
86,46,1
67,64,1
55,26,1
86,82,0
50,68,1
30,26,1
100,40,0
84,13,1
25,86,0
54,86,1
61,74,1
89,96,1
78,97,0
15,33,1
39,52,1
29,97,0
66,13,0
67,78,0
101,51,0
91,50,1
51,67,1
107,1,0
17,100,0
62,72,0
66,44,1
38,99,0
87,37,0
37,83,1
2,101,1
30,100,0
29,41,0
16,64,0
114,1,0
68,30,0
81,72,1
110,9,1
12,120,0
84,74,1
45,8,0
62,75,1
16,80,0
83,1,0
74,96,1
54,46,0
76,71,0
7,65,1
68,21,0
51,8,1
74,8,0
65,92,0
43,9,1
68,53,0
19,41,1
48,13,0
55,76,0
12,39,0
9,17,0
43,98,1
16,2,1
43,28,1
16,103,1
13,10,1
31,61,0
7,41,0
54,44,1
106,73,0
65,17,1
28,51,0
102,96,0
71,3,1
63,32,1
13,20,1
29,2,0
53,3,0
90,60,1
40,70,0
101,47,1
114,104,1
67,53,0
99,48,1
50,64,1
86,31,0
27,78,0
44,63,1
43,47,1
33,74,1
76,87,0
66,32,1
17,2,1
23,9,0
17,16,1
54,88,0
20,30,0
88,49,0
108,95,1
3,13,0
88,42,1
10,69,1
50,31,1
30,48,0
83,28,1
28,86,1
11,12,0
55,72,0
42,5,1
22,75,1
34,53,1
84,6,0
39,68,0
8,41,0
84,45,1
34,14,0
22,54,0
73,58,0
38,31,1
63,15,0
60,52,1
13,90,1
8,65,1
11,53,1
25,101,0
6,19,0
15,58,1
51,69,0
19,91,0
20,22,0
9,55,1
94,101,1
23,83,0
77,112,0
27,12,0
74,45,1
86,66,1
87,55,1
13,63,1
91,83,0
68,16,0
111,9,1
74,106,1
6,43,0
110,43,1
53,29,0
98,50,1
107,16,0
53,62,1
5,30,1
107,4,0
9,84,0
98,89,0
68,87,1
50,112,0
25,112,1
101,36,1
68,74,0
63,8,0
65,39,1
69,49,1
13,95,0
13,37,1
101,27,1
67,85,0
47,85,0
19,89,1
110,21,1
97,29,1
35,28,1
3,23,1
74,17,0
37,1,0
78,96,1
110,43,0
2,8,0
87,29,1
41,7,0
101,13,0
106,96,1
94,31,1
8,28,0
59,111,1
41,16,1
30,48,0
87,55,1
90,79,1
100,86,0
66,68,0
62,49,0
45,79,0
34,85,1
21,7,1
7,72,0
106,69,1
7,101,0
100,6,0
30,25,1
15,5,0
102,1,1
77,86,0
77,32,1
5,104,1
88,1,0
84,9,1
85,29,1
6,97,0
101,47,0
19,86,0
67,97,0
26,87,0
69,41,1
88,37,0
102,30,1
75,16,0
3,1,0
39,84,0
86,27,1
74,86,1
90,83,1
77,22,0
20,75,0
45,18,1
46,47,0
28,72,0
14,50,1
42,87,0
101,69,1
66,16,1
36,11,1
47,76,0
9,103,1
39,28,0
95,26,0
107,103,0
22,84,1
55,48,1
56,47,1
65,7,1
57,90,1
53,44,0
12,101,1
66,20,1
75,76,1
2,1,0
16,76,1
91,26,0
64,39,0
93,103,1
58,74,1
63,76,1
75,33,0
65,111,0
101,41,0
42,88,0
13,41,1
18,64,1
25,27,0
92,110,1
111,28,0
96,70,1
20,95,0
80,88,1
10,8,0
46,106,1
35,76,1
4,100,1
79,76,1
25,26,1
92,90,0
18,36,0
71,43,1
75,11,0
27,79,0
59,79,1
68,44,0
4,13,1
25,7,0
33,48,0
38,47,1
52,99,1
51,55,0
81,94,1
53,68,0
68,90,0
68,26,1
20,17,1
80,98,1
3,61,1
9,98,1
97,34,1
83,72,1
80,25,0
65,109,0
54,17,1
27,114,0
86,73,0
87,54,1
71,28,1
102,65,0
47,79,1
63,10,0
109,71,0
88,27,1
96,53,1
87,46,0
110,7,1
64,85,1
18,20,1
63,53,0
72,110,1
5,33,1
19,23,0
78,88,1
96,97,1
41,17,0
20,97,0
63,82,0
65,11,0
22,106,1
17,26,1
38,29,1
7,37,1
102,29,1
8,40,0
43,107,1
55,79,0
15,87,0
69,80,1
20,7,0
83,15,1
46,13,0
88,73,1
2,99,0
108,70,0
20,75,1
68,7,1
8,33,0
28,19,0
103,7,1
62,74,1
87,26,1
9,64,0
95,37,1
48,9,0
44,21,0
38,98,0
38,55,0
38,97,1
13,86,1
55,28,0
98,2,1
55,79,0
6,102,1
110,65,0
47,72,0
74,54,1
83,27,1
83,13,1
11,2,0
7,20,0
65,6,0
86,55,0
71,5,1
79,38,0
9,100,1
17,23,0
46,64,1
6,46,0
59,29,1
74,20,1
78,109,0
2,89,1
74,26,1
109,22,1
9,51,1
44,7,1
47,9,1
79,91,1
51,38,0
25,17,0
80,93,0
27,3,0
1,16,0
15,50,0
27,50,1
60,77,0
88,93,1
110,43,1
74,64,1
39,72,0
60,87,1
55,51,0
20,47,0
106,20,0
74,62,0
16,8,0
76,108,0
84,106,0
3,87,1
96,74,0
87,47,0
90,72,0
78,79,0
55,111,0
11,66,0
49,68,0
7,39,0
3,43,0
65,37,1
41,25,1
18,40,0
86,101,0
38,46,1
11,67,0
40,96,1
94,39,0
34,95,1
43,109,0
47,19,0
50,3,0
21,91,1
67,94,0
64,99,1
87,8,1
31,100,1
89,34,1
53,107,1
29,87,0
8,31,0
65,78,0
106,21,1
41,43,0
1,27,1
62,41,0
42,102,0
7,60,0
11,72,0
18,72,1
43,53,0
93,38,1
106,17,0
100,87,0
30,33,1
90,80,1
111,55,1
33,29,0
64,31,1
47,88,0
27,106,1
17,26,1
11,3,0
111,65,1
54,51,0
87,3,1
29,18,1
66,110,1
46,25,1
77,75,1
74,107,1
56,84,1
86,13,1
87,59,0
49,79,0
23,79,0
3,40,1
56,41,1
101,73,0
6,63,0
111,72,1
96,54,1
68,12,0
1,103,1
64,57,1
19,75,1
87,13,0
79,111,1
62,104,1
1,69,1
26,30,0
5,74,0
8,18,1
15,86,1
50,70,1
68,92,0
50,25,0
92,3,0
107,84,0
57,60,1
67,20,1
62,31,1
26,41,0
59,30,0
85,91,0
75,80,0
33,1,0
55,8,1
16,7,1
58,18,0
95,91,0
17,4,1
34,57,1
107,76,1
55,100,0
51,83,0
49,67,1
31,18,1
42,95,1
47,72,1
83,92,1
46,17,1
62,28,0
8,110,1
64,75,0
61,42,0
92,17,1
38,80,1
48,16,1
59,22,1
7,40,1
80,38,1
89,106,1
28,39,0
92,96,1
87,71,1
71,21,0
54,88,0
93,11,0
23,60,1
49,41,1
3,8,1
104,50,0
9,41,0
17,16,1
53,98,1
15,22,1
111,62,0
68,85,1
6,7,1
38,86,1
30,28,1
17,92,0
2,40,0
33,46,1
69,71,1
37,28,1
106,22,0
76,82,1
65,9,1
79,7,0
80,13,0
106,54,0
86,63,1
83,38,1
103,119,1
62,55,1
49,67,0
11,102,0
1,63,0
65,10,0
39,3,0
39,54,1
69,53,1
100,34,1
10,3,0
11,33,1
91,33,1
18,31,1
91,71,0
45,43,1
89,80,0
30,39,1
10,101,0
13,46,0
76,74,0
97,8,1
63,85,1
43,18,0
27,112,1
26,68,0
88,96,1
49,7,0
87,109,1
55,89,0
7,49,1
63,39,1
66,62,1
87,22,1
52,75,1
29,98,1
8,28,1
3,25,1
51,39,0
69,9,0
15,94,0
23,84,0
100,63,0
112,86,0
60,64,0
8,26,1
111,3,0
86,20,0
17,21,1
86,20,1
31,7,1
75,55,1
38,1,1
29,43,0
74,40,1
87,107,0
92,103,1
55,107,1
75,29,0
82,16,0
30,3,0
75,15,1
30,101,0
103,91,1
82,58,1
99,87,1
86,34,0
66,76,0
6,93,1
47,26,0
54,89,0
39,61,0
79,55,1
86,40,0
73,49,0
6,100,1
19,28,1
57,39,1
9,49,1
6,51,1
93,38,0
7,100,1
65,7,0
88,49,0
11,74,1
71,96,0
50,32,1
87,56,1
97,85,0
56,88,1
88,17,1
72,29,1
27,74,0
114,20,1
7,21,0
6,75,0
106,97,0
78,2,0
7,80,0
54,51,1
74,111,1
21,23,0
72,99,1
41,9,0
51,72,0
68,17,0
13,91,1
74,49,1
55,74,1
72,10,1
101,65,0
13,46,0
65,63,0
48,52,0
51,68,0
34,79,1
84,28,1
62,8,1
41,43,1
3,62,1
25,1,1
17,91,1
79,64,0
34,29,1
65,87,1
58,27,1
60,31,1
78,7,0
76,12,0
56,6,0
57,110,1
50,16,1
7,10,1
112,87,1
20,9,1
96,68,0
91,13,1
56,87,0
93,55,0
93,8,0
87,72,0
54,86,0
34,7,0
88,45,1
8,53,1
74,87,0
107,31,0
71,64,1
62,9,0
62,41,0
86,42,0
75,69,1
7,69,0
5,3,1
37,83,1
7,101,0
51,7,0
5,69,1
30,85,0
55,100,1
38,58,0
91,30,1
7,40,1
104,64,0
22,7,0
62,40,1
39,21,0
11,16,1
88,66,0
12,63,1
74,38,0
25,6,0
58,92,1
112,100,1
85,102,1
90,11,0
69,89,0
53,77,0
99,26,0
16,43,0
47,79,0
100,28,1
7,48,1
73,67,0
31,48,1
29,110,1
71,49,1
17,79,1
83,109,1
61,44,1
87,90,1
37,73,1
3,40,1
78,47,0
55,38,0
57,8,1
25,43,0
34,69,1
26,20,1
74,87,1
79,4,0
7,26,0
12,21,1
43,94,1
93,53,0
51,17,1
41,42,0
16,109,0
92,86,1
57,43,1
27,114,0
34,41,0
10,55,1
16,69,1
13,65,1
51,16,1
42,2,1
63,46,1
18,37,0
1,69,0
76,87,0
11,98,0
86,95,1
30,47,1
60,1,1
103,33,0
44,75,0
8,98,1
60,47,1
64,41,1
69,60,0
72,29,1
91,25,0
109,30,1
10,106,1
30,42,1
29,9,0
7,58,1
34,25,0
92,98,1
53,64,0
1,17,1
96,48,0
72,25,0
13,4,1
53,96,1
106,44,0
65,30,1
68,29,1
112,50,1
100,86,0
29,20,1
41,20,0
50,106,1
33,29,1
107,64,1
72,65,0
107,51,1
74,100,1
51,58,0
20,49,0
76,53,1
27,25,1
39,51,1
43,57,0
100,72,0
93,20,1
35,30,1
87,65,0
41,34,0
102,87,0
27,63,0
77,36,0
55,27,0
5,65,0
17,53,0
6,39,1
65,53,0
86,20,1
61,56,1
54,64,1
49,88,1
51,100,0
97,2,0
36,114,1
79,22,1
3,55,1
74,84,1
10,20,0
23,39,1
63,72,0
65,53,1
7,68,0
71,30,0
88,42,0
103,31,0
16,98,0
27,104,0
8,16,1
62,21,1
20,87,1
84,38,1
62,39,0
50,7,1
66,67,1
39,86,0
41,43,0
28,20,1
101,75,0
65,55,1
96,86,0
1,29,1
75,96,0
41,20,1
22,31,1
54,107,1
41,42,0
11,39,0
49,88,1
41,65,1
8,110,1
74,22,1
86,58,1
27,64,0
51,13,1
99,101,0
74,30,1
19,66,0
38,97,1
23,9,1
74,73,1
16,69,1
59,55,1
13,69,0
106,30,0
90,8,1
85,57,0
63,62,0
29,53,0
86,91,0
8,18,0
22,7,1
106,9,1
16,15,0
68,43,0
112,106,0
55,46,1
8,50,0
13,26,0
107,104,0
49,10,1
29,89,1
41,87,1
66,80,1
57,86,0
3,33,1
28,79,1
16,40,0
42,79,0
68,69,0
36,99,1
74,21,0
33,9,0
41,43,0
55,80,0
33,43,1
25,46,0
13,106,0
53,97,1
114,96,1
31,75,1
86,12,0
68,56,1
10,34,0
21,12,1
69,39,1
84,23,0
7,16,1
99,30,0
21,97,1
21,35,1
64,98,0
109,5,1
62,98,1
7,53,0
37,86,0
97,26,1
43,75,1
3,41,1
41,66,0
39,72,1
40,55,1
57,77,0
25,44,1
6,9,0
85,72,1
86,101,1
71,7,1
3,62,1
21,72,0
28,21,1
41,79,0
62,51,0
29,52,0
25,106,1
37,8,0
87,9,1
25,48,0
87,74,0
75,83,0
34,107,0
9,52,0
71,65,1
75,22,1
27,4,1
3,38,1
98,42,0
87,30,1
100,31,1
97,57,0
104,86,0
98,10,0
78,17,1
84,111,1
50,6,1
97,63,1
66,38,0
79,98,0
65,15,1
84,17,0
72,100,0
2,74,0
15,34,0
90,60,1
18,64,1
7,29,0
49,101,0
97,98,0
98,110,1
87,16,1
25,69,1
64,63,0
17,51,1
8,11,0
53,27,1
30,75,0
68,27,1
101,30,0
86,5,1
39,56,0
28,55,0
10,27,1
46,88,1
29,16,1
54,49,0
42,85,1
69,78,1
41,34,0
43,101,0
30,54,1
13,11,0
83,19,1
74,40,0
114,101,1
8,16,1
39,13,1
67,87,1
2,91,0
102,8,1
71,50,1
29,65,1
66,26,0
1,85,1
13,90,1
26,18,1
53,17,1
55,98,0
50,91,0
6,69,0
39,51,1
72,89,0
18,31,0
78,87,1
16,110,1
76,66,0
50,100,0
16,49,0
26,84,1
63,54,1
2,50,0
26,27,0
63,18,0
74,112,1
46,6,1
107,20,1
93,71,0
20,101,1
11,57,1
43,36,1
76,97,0
112,66,0
73,40,0
13,23,1
21,37,1
107,8,0
54,51,0
8,25,0
98,94,1
72,55,0
87,27,0
46,3,1
75,54,0
57,15,0
86,55,0
109,95,0
74,39,0
41,46,0
5,112,0
103,73,1
65,49,0
43,65,1
12,25,0
103,16,1
86,11,0
94,41,1
87,15,1
110,84,0
16,58,0
45,39,0
65,55,1
12,63,1
96,104,0
74,17,1
74,9,0
83,27,1
104,62,1
9,51,1
102,5,0
65,54,1
20,29,1
53,34,0
100,36,0
21,39,0
13,15,0
33,29,1
45,14,0
71,73,0
112,30,1
39,54,0
102,9,0
20,65,0
55,88,0
23,88,0
93,64,0
74,5,1
3,15,0
86,6,1
40,87,1
69,38,0
72,110,1
87,16,1
96,84,0
92,23,1
86,9,1
13,39,1
28,86,1
54,43,0
85,25,1
95,11,1
25,75,0
87,54,1
25,39,0
69,46,1
72,69,0
86,38,1
5,96,0
47,25,1
19,87,1
19,16,0
41,75,0
95,78,0
30,9,0
61,103,1
17,30,1
49,39,0
54,100,1
56,5,1
19,7,0
54,7,1
111,57,1
2,90,1
58,90,1
27,29,0
19,79,0
64,57,1
102,67,1
29,87,1
69,45,0
89,109,1
86,67,1
112,8,0
46,87,0
30,86,0
90,52,0
101,16,1
93,19,0
75,44,1
90,54,0
42,79,0
49,62,0
77,58,1
120,17,1
46,20,1
85,47,0
16,83,0
50,47,1
20,58,0
97,79,1
66,23,0
25,100,0
34,17,1
9,50,1
22,43,0
43,86,0
15,3,1
52,39,1
31,27,0
56,25,1
50,90,1
87,100,0
33,53,0
107,27,0
73,55,1
70,69,0
9,63,0
85,15,0
46,1,0
111,65,1
45,63,1
86,79,1
74,50,0
28,37,0
1,30,1
20,65,1
72,3,0
41,28,1
26,75,1
100,5,0
31,64,1
54,49,0
69,41,0
3,99,1
28,89,1
78,39,1
15,88,1
50,27,0
33,27,1
81,70,1
58,13,0
106,50,1
100,11,0
100,87,0
38,30,0
89,91,0
67,5,0
27,100,0
101,23,1
17,51,0
96,88,0
83,20,1
92,58,0
20,86,0
86,52,0
48,72,1
57,79,0
11,19,0
60,77,0
29,87,1
64,80,0
29,51,1
98,38,0
98,35,1
16,41,1
64,52,1
13,89,0
86,73,1
58,72,0
72,86,0
62,86,1
112,28,0
52,79,1
99,74,0
75,93,1
93,78,1
89,16,0
86,48,0
12,21,0
26,55,1
16,23,0
7,68,1
108,30,1
101,70,1
29,63,0
29,49,1
63,16,1
62,11,1
9,15,0
43,101,1
110,78,1
26,111,0
65,88,1
109,5,1
65,69,0
68,16,0
49,8,0
88,54,1
18,55,1
87,69,1
99,69,0
22,104,1
68,99,1
17,9,1
38,29,0
79,87,0
74,97,1
88,39,1
76,74,1
97,13,0
85,86,0
76,88,0
15,11,1
55,17,1
64,31,0
16,38,1
99,65,1
23,93,1
100,8,0
7,5,1
63,92,0
20,65,0
103,51,1
32,28,1
49,100,1
39,90,1
74,10,0
68,72,1
54,84,1
28,89,1
88,47,1
3,54,0
12,56,1
38,55,1
88,21,1
92,73,0
20,60,1
98,30,0
114,55,1
51,102,0
114,54,1
77,3,0
19,76,1
29,47,0
63,17,0
50,106,1
85,3,0
12,30,1
84,14,0
65,78,1
86,107,0
91,7,1
83,22,0
84,16,0
86,107,1
54,26,1
16,88,1
13,68,1
88,43,0
88,2,0
50,111,0
17,39,0
11,52,1
78,40,0
28,8,1
54,89,0
29,68,1
88,44,0
114,35,1
1,55,0
27,103,0
13,6,1
1,72,1
65,87,1
103,99,1
38,28,1
2,29,1
55,86,1
39,13,1
111,60,1
92,21,1
12,43,1
87,65,0
71,60,0
112,30,0
1,79,1
65,3,0
11,66,0
93,34,0
78,94,1
81,13,0
25,107,1
102,97,0
31,112,0
25,86,0
56,40,1
42,64,1
78,97,1
70,68,1
87,103,1
30,22,1
7,20,1
100,9,0
21,30,1
68,77,0
98,43,1
30,87,1
7,58,1
23,53,1
1,26,0
96,37,0
47,51,1
3,48,1
90,38,0
76,33,0
98,27,1
96,89,1
20,43,1
30,18,1
11,62,1
2,41,1
58,27,0
52,56,1
63,51,1
29,103,0
107,58,0
39,93,0
97,90,1
100,17,1
51,68,0
79,1,0
56,98,1
95,68,1
70,39,1
88,54,1
94,30,0
86,11,0
36,57,1
26,38,0
16,26,1
84,20,1
28,68,1
20,87,0
93,8,1
16,95,0
100,3,1
90,54,0
103,85,1
102,43,1
13,63,0
25,39,0
30,119,0
60,10,0
84,101,0
13,91,1
43,3,0
56,21,1
55,25,1
27,87,0
87,72,0
30,103,0
9,28,1
26,74,0
29,65,1
66,2,0
11,2,0
82,44,1
55,1,1
110,84,0
19,64,1
6,95,1
108,33,0
47,15,1
53,74,0
50,104,0
32,20,1
41,36,0
81,20,0
41,47,0
30,60,1
11,111,1
65,73,1
30,47,0
28,30,0
27,84,0
34,92,0
28,30,0
5,74,0
38,29,1
39,28,0
25,52,0
51,102,0
23,13,1
9,49,1
11,10,0
114,47,1
90,25,0
3,18,0
26,84,1
67,48,0
53,76,1
65,106,1
70,64,0
108,28,0
8,7,0
41,38,0
55,65,1
8,53,1
50,68,0
98,80,0
37,86,1
70,87,1
6,37,0
114,107,1
8,23,0
1,47,1
41,75,1
102,16,0
83,15,1
46,13,1
13,66,1
95,107,1
46,72,1
17,20,0
36,113,0
38,93,0
88,20,1
88,106,0
10,9,1
90,66,1
100,39,1
88,65,1
20,57,1
25,18,0
86,37,1
8,70,1
12,39,1
106,20,0
28,112,1
9,53,0
16,72,1
22,44,1
85,30,1
106,91,1
79,76,0
91,17,1
29,68,0
43,77,0
38,41,1
20,86,1
87,29,0
53,103,0
84,28,1
50,11,1
84,20,0
34,30,0
98,53,0
65,38,0
109,34,0
21,69,0
104,86,0
98,17,0
31,50,0
26,13,0
76,42,0
58,72,1
51,20,1
88,91,0
44,28,0
72,92,1
87,10,1
95,35,1
15,7,1
101,86,1
55,42,1
30,10,1
101,68,0
68,107,1
11,72,1
74,9,0
42,101,1
26,12,0
7,42,1
27,29,1
62,50,1
2,42,0
84,40,0
106,41,0
46,100,1
84,98,0
55,48,1
16,74,1
21,70,0
77,26,1
29,96,1
46,51,1
61,106,0
99,33,0
75,87,0
95,72,1
9,84,0
9,53,1
48,39,0
53,50,1
34,50,1
72,46,1
25,11,1
15,9,1
25,16,0
26,15,0
69,68,0
26,52,1
9,40,1
51,7,0
39,29,1
42,76,0
53,51,1
73,74,0
73,63,1
92,63,0
55,54,0
5,29,1
28,50,0
10,48,0
47,106,0
47,20,1
18,16,1
42,79,1
101,96,0
41,26,1
51,29,0
66,89,0
54,70,1
7,107,1
89,54,1
71,81,0
40,29,0
81,62,0
75,25,0
88,68,1
49,58,1
55,60,1
54,80,1
65,50,1
1,22,1
3,28,1
63,88,1
90,13,1
7,101,1
46,60,0
11,46,1
71,84,0
72,80,1
22,47,1
55,74,0
12,101,1
103,101,1
91,33,1
106,33,0
76,41,0
19,84,0
92,47,1
27,112,1
80,108,1
29,94,1
53,72,1
51,54,0
94,71,0
74,26,1
17,12,0
1,15,0
110,35,1
34,103,0
65,53,0
11,19,1
74,31,0
34,89,0
79,7,1
69,26,1
70,6,1
40,99,1
74,56,0
79,28,1
53,106,0
78,88,0
34,62,0
14,51,1
32,107,0
55,85,0
106,8,0
42,68,0
53,86,0
112,20,1
34,53,0
41,29,1
86,6,1
18,9,1
93,27,1
25,112,0
65,29,1
54,74,0
34,69,1
9,26,0
51,48,0
41,65,0
41,77,1
86,71,0
41,65,1
74,101,1
94,19,0
69,41,0
18,107,0
41,76,0
76,9,1
43,69,1
3,93,0
90,67,0
55,1,1
84,29,0
30,50,0
55,51,1
74,75,0
18,9,1
29,9,0
51,26,0
80,27,0
87,74,1
41,80,1
102,15,1
19,101,1
26,86,1
20,86,1
16,54,1
34,25,0
30,54,1
41,14,0
6,41,0
28,84,0
28,104,0
13,6,0
14,25,1
16,47,0
16,69,1
40,83,0
106,71,0
29,68,0
109,50,0
16,95,1
59,28,0
106,109,1
9,47,1
16,53,0
64,42,0
87,102,0
51,63,0
10,74,0
56,78,0
40,101,1
64,98,0
109,87,0
15,43,1
83,110,0
33,65,0
95,98,0
75,60,0
79,91,0
47,29,0
29,85,0
88,46,0
86,7,1
82,48,1
63,51,1
39,27,0
30,3,1
87,4,0
74,107,1
86,58,1
65,13,0
88,53,0
49,1,1
74,96,1
96,77,0
18,112,1
16,1,1
11,68,1
28,88,1
54,60,1
13,86,1
87,3,1
15,50,1
109,26,1
97,22,1
54,78,1
93,21,1
39,8,1
79,64,0
6,3,1
7,106,1
55,1,1
86,68,0
31,40,1
26,67,0
55,25,1
4,39,1
1,88,0
112,13,1
66,102,1
29,50,0
6,79,1
11,92,1
18,73,1
21,70,1
101,89,1
69,42,0
18,87,0
35,7,1
9,37,1
99,51,0
47,101,0
65,78,0
103,31,1
77,106,1
19,41,1
98,29,1
74,86,0
46,7,1
20,65,0
55,7,0
106,101,1
64,51,1
19,16,1
51,29,0
25,95,1
8,67,0
20,47,1
63,27,0
76,70,1
63,89,0
85,67,0
9,86,0
38,67,1
51,55,0
66,97,0
60,17,0
69,8,0
34,37,0
3,39,1
70,29,0
62,107,1
79,69,0
40,13,1
53,46,1
65,21,0
78,92,0
26,101,0
80,90,1
59,18,1
25,58,1
28,84,0
53,74,1
25,75,1
3,91,1
100,50,0
58,66,0
27,39,0
41,14,0
34,7,0
20,48,1
30,45,0
68,16,0
42,16,0
103,101,1
93,75,1
19,16,0
16,53,1
42,70,1
7,25,0
107,30,1
65,34,1
12,102,1
26,17,1
102,95,0
110,46,0
88,15,0
90,65,0
75,99,1
103,16,0
9,31,0
87,54,1
68,113,0
93,47,1
83,18,1
72,64,0
86,30,1
91,58,1
98,19,1
80,20,0
87,7,0
49,80,1
20,64,0
93,77,0
72,101,0
93,43,1
121,27,0
5,73,1
69,18,0
72,55,1
28,84,0
104,83,1
41,79,0
1,93,1
57,85,0
7,79,1
53,55,1
36,68,0
62,17,1
87,41,0
34,86,0
10,7,1
80,53,1
41,29,0
28,66,0
47,15,0
104,62,1
110,64,1
94,23,0
7,40,1
43,60,1
28,91,1
55,86,0
66,16,1
112,2,1
11,89,0
106,83,0
11,64,0
13,39,0
75,74,0
58,54,0
30,38,1
48,19,1
68,53,0
31,76,1
42,65,1
66,72,0
66,53,1
27,65,0
88,2,1
62,89,1
23,26,0
90,87,0
31,77,1
46,106,0
10,121,0
26,87,1
13,90,0
72,33,0
87,53,0
12,102,0
103,13,0
50,98,0
26,38,1
10,65,1
5,47,0
39,40,1
78,46,1
29,59,1
25,12,0
88,80,0
6,55,0
100,58,0
55,54,0
20,51,1
65,17,0
95,102,0
86,106,0
11,72,1
98,13,1
87,79,1
51,16,1
27,107,0
46,92,0
94,13,0
20,39,1
104,53,1
87,48,1
1,30,1
82,13,1
79,1,0
7,20,0
86,9,0
49,65,0
72,61,1
27,55,0
17,39,0
74,15,1
31,3,0
49,1,1
48,29,0
7,33,0
86,78,0
51,88,0
49,65,0
20,3,0
11,109,0
93,87,0
30,8,0
1,48,1
52,100,1
50,64,0
55,62,0
50,51,0
111,18,0
109,98,1
46,87,1
56,106,1
60,56,0
38,94,1
25,94,0
36,7,1
39,16,1
12,13,1
61,84,0
23,98,0
9,72,0
109,17,1
11,112,1
56,85,1
40,87,1
21,86,0
17,13,1
106,16,1
26,19,1
91,54,1
38,14,0
53,69,1
108,13,1
17,26,1
13,92,0
13,51,0
30,3,0
92,86,0
30,20,0
9,31,0
42,104,0
102,18,0
61,72,1
49,77,0
86,74,0
20,74,1
93,34,1
43,30,0
74,19,0
88,109,0
30,94,0
86,90,1
65,106,1
87,52,0
90,34,1
101,46,0
78,74,0
28,50,1
39,51,0
30,91,1
74,73,1
69,11,0
36,64,0
106,25,1
26,20,0
96,95,1
2,26,1
60,52,0
51,96,1
111,46,1
7,6,0
54,65,0
38,40,1
106,39,0
7,17,0
91,7,1
16,43,1
64,111,0
7,3,0
71,28,1
53,89,0
86,41,0
34,99,1
86,39,1
96,99,1
69,74,0
97,87,0
88,55,0
11,88,0
76,87,0
60,21,1
101,16,1
83,16,1
89,91,0
28,25,0
63,106,0
7,74,0
9,46,1
63,15,1
79,9,0
101,47,1
7,62,0
27,8,1
100,89,1
20,8,1
39,25,0
33,67,1
9,50,0
2,19,1
13,76,1
60,29,1
18,33,1
87,31,1
43,47,1
47,79,0
14,17,0
65,15,1
3,109,0
109,26,0
13,91,1
104,43,1
80,57,0
51,27,0
74,75,1
82,68,1
72,27,0
68,91,1
15,6,1
69,94,1
95,77,0
12,114,0
8,28,0
2,74,0
101,10,0
86,39,1
9,75,1
13,69,1
3,93,0
52,48,1
93,46,1
7,43,0
67,41,0
21,20,0
99,25,1
25,30,0
13,1,1
15,42,1
10,47,1
79,74,1
42,54,1
3,103,0
21,11,1
74,56,1
17,41,0
110,86,0
8,85,0
42,69,0
50,112,0
65,86,0
87,57,1
13,88,1
17,86,0
40,78,0
80,31,1
32,114,1
77,55,1
43,41,1
69,91,1
23,65,0
68,82,1
52,85,1
42,29,1
35,66,0
88,63,1
66,108,1
65,26,0
20,62,1
90,50,0
96,7,1
11,51,1
75,7,0
11,92,1
46,39,1
86,88,0
11,88,1
86,50,1
87,43,0
50,111,0
22,69,1
87,6,1
72,12,0
5,84,0
74,88,0
68,86,0
57,18,0
29,86,1
16,97,0
27,87,0
86,55,1
15,6,1
107,63,0
65,45,1
23,103,0
18,11,0
15,92,1
57,55,0
85,34,1
96,16,0
8,88,1
8,10,1
102,39,0
56,86,1
80,55,0
86,91,1
69,9,1
72,21,0
87,65,0
23,48,1
51,89,0
74,17,0
32,87,1
100,37,0
114,121,0
101,53,0
6,114,1
43,68,0
96,51,0
69,55,0
50,37,1
91,30,1
78,34,0
55,15,1
8,84,0
106,63,1
69,87,1
65,74,1
75,28,0
88,97,1
101,20,0
95,14,0
48,49,0
27,80,0
96,53,1
5,86,0
88,43,1
102,73,1
91,65,0
58,54,1
7,17,0
31,109,0
106,8,0
36,2,0
5,15,1
55,7,1
74,66,1
72,86,0
71,106,0
29,91,1
114,46,1
48,69,1
113,13,0
106,42,0
25,102,1
47,38,1
74,9,1
48,104,1
51,65,0
64,43,0
70,18,1
11,110,0
93,15,1
25,2,0
97,35,1
87,104,0
39,97,1
29,96,0
37,40,0
21,20,0
49,98,0
20,36,1
107,111,1
9,78,0
86,25,0
8,99,1
55,9,0
89,87,0
21,53,0
83,87,1
47,93,1
68,9,0
51,9,0
55,79,1
87,47,1
101,31,0
5,40,0
17,12,0
93,33,0
111,19,1
65,13,1
7,68,1
96,64,0
96,69,1
39,30,1
54,49,0
64,97,0
16,58,0
23,54,1
64,17,1
106,88,1
28,62,1
15,54,1
7,13,0
16,86,1
55,69,1
20,107,1
29,98,1
110,83,0
26,86,0
1,3,0
62,63,0
107,46,1
94,15,1
6,40,1
55,31,1
54,89,0
34,74,1
11,65,1
64,8,0
9,79,0
22,44,1
74,96,0
39,94,0
8,18,0
48,4,1
21,41,1
90,97,0
55,99,1
94,104,0
74,88,0
76,86,0
23,87,1
58,66,1
86,89,1
41,27,1
112,31,0
107,30,1
57,66,0
72,20,1
74,9,1
88,23,0
86,22,1
25,26,0
23,100,1
54,73,1
41,44,1
20,100,1
103,15,0
8,55,0
109,101,1
84,26,1
21,79,0
112,7,1
103,26,1
57,86,0
94,91,0
51,49,1
43,19,1
19,70,1
75,19,1
8,88,1
12,6,1
35,22,1
110,19,0
103,37,1
8,17,1
67,94,1
97,107,0
2,65,1
18,31,0
112,104,1
72,101,1
93,97,0
6,99,0
2,22,1
88,4,0
51,45,1
39,45,1
76,80,1
63,88,0
10,28,1
32,98,0
56,91,1
63,9,0
106,65,1
64,17,0
1,106,0
75,28,0
40,65,1
120,68,1
42,59,0
58,62,1
71,2,1
43,100,0
9,26,0
92,66,0
80,112,1
39,11,0
6,48,0
50,61,1
51,8,1
43,56,0
79,55,0
62,44,1
28,87,0
84,54,0
39,5,0
55,51,0
21,55,0
53,64,1
13,38,0
46,30,0
91,70,1
101,84,0
87,16,0
77,64,1
110,64,1
18,66,1
101,43,1
12,16,0
16,100,1
23,88,0
7,49,0
57,55,0
87,11,0
31,34,1
83,4,0
88,103,1
67,84,1
101,8,0
103,41,0
48,111,1
58,84,1
5,99,1
79,39,0
101,99,0
26,54,1
68,43,0
112,20,0
11,73,0
62,3,0
37,55,1
92,50,0
108,28,0
65,63,0
35,39,1
92,68,0
91,88,0
96,26,1
20,50,0
60,20,0
101,13,0
3,71,1
37,17,0
17,104,1
65,83,0
10,65,1
26,101,1
74,65,0
70,87,1
54,107,0
75,39,1
53,67,0
78,17,1
50,86,1
9,92,1
102,119,1
8,13,1
19,11,1
46,51,0
27,43,1
89,12,1
71,13,0
11,102,0
30,110,1
10,106,1
69,45,0
51,86,0
65,77,0
97,56,0
104,5,0
58,69,1
63,51,0
18,106,1
68,42,1
88,72,0
54,45,0
43,3,0
85,50,1
9,93,1
95,22,0
10,33,1
101,9,0
101,67,0
4,47,1
95,12,1
78,27,0
53,1,1
17,11,1
31,20,0
68,87,1
110,61,1

