sum_counter_rad_rate,long_sum_counter_rad_rate,sum_short_rad_synergy_rate,sum_middle_rad_synergy_rate,sum_long_rad_synergy_rate,sum_counter_dire_rate,long_sum_counter_dire_rate,sum_short_dire_synergy_rate,sum_middle_dire_synergy_rate,sum_long_dire_synergy_rate,rad_win
45.45,45.75,51.97,49.72,51.14,54.55,54.25,53.2,53.83,53.15,0
50.12,55.6,57.43,51.84,50.03,49.88,41.52,55.89,50.36,53.34,1
49.74,48.9,53.38,43.55,53.93,50.26,49.9,43.07,45.24,48.72,1
50.21,48.56,61.13,49.49,51.84,49.79,51.44,50.66,49.36,51.92,1
49.8,49.32,51.88,51.58,50.43,50.2,50.66,59.5,55.11,54.48,0
48.35,55.23,49.92,50.26,49.09,51.65,44.76,48.03,50.16,50.17,1
46.64,48.91,45.77,46.73,47.32,53.36,51.08,51.12,49.38,51.03,0
45.72,46.51,46.45,46.59,46.41,54.28,52.78,54.05,56.62,57.07,0
53.78,52.24,49.57,50.81,51.37,46.22,47.76,51.72,46.33,49.12,1
46.57,44.31,49.87,50.35,48.59,53.43,55.06,47.63,51.41,55.86,1
48.11,48.12,52.92,52.02,52.53,51.89,51.88,53.99,53.34,52.55,0
51.46,48.66,49.21,49.22,48.65,48.54,51.34,41.62,43.33,50.03,1
52.79,46.47,49.14,51.59,52.05,47.21,53.51,50.2,49.96,53.84,1
52.9,53.16,55.48,54.29,57.0,47.1,46.84,48.86,48.37,49.91,0
50.05,47.18,47.96,49.33,48.79,49.95,52.32,45.48,42.38,48.46,1
51.46,49.9,58.17,52.3,51.95,48.54,50.1,42.82,46.14,50.25,1
52.03,51.67,45.33,51.22,51.88,47.97,48.3,44.97,43.67,47.04,1
50.44,49.84,55.78,54.81,52.09,49.56,50.16,58.08,49.03,46.97,1
55.4,51.71,56.16,52.81,55.38,44.6,48.26,49.19,47.95,48.48,1
51.52,50.68,54.24,54.28,53.41,48.48,49.32,49.54,48.4,49.19,1
46.29,49.13,42.41,44.66,49.2,53.71,50.84,49.58,52.36,52.25,0
52.75,49.76,54.86,51.32,50.88,47.25,50.23,41.98,44.67,47.25,1
49.96,54.24,51.94,40.8,48.41,50.04,45.73,49.26,46.94,48.82,1
51.39,55.55,49.85,46.42,47.19,48.61,44.45,40.15,43.08,46.74,0
48.85,53.1,42.62,44.0,47.26,51.15,46.89,48.8,47.62,48.01,0
49.24,50.37,57.08,52.28,53.32,50.76,49.63,53.31,53.47,52.3,1
52.25,53.13,51.11,51.86,52.4,47.75,46.86,44.25,45.7,47.65,0
49.3,50.68,50.74,51.43,51.23,50.7,49.32,48.96,48.02,49.75,1
46.39,42.45,49.49,44.96,49.22,53.61,57.55,51.93,52.58,56.94,0
48.4,48.12,45.34,43.19,45.11,51.6,51.88,53.02,51.79,48.76,1
52.6,47.99,49.55,52.01,50.89,47.4,52.01,50.95,52.36,54.58,0
49.86,49.74,48.3,50.04,49.12,50.14,50.24,47.93,49.14,47.16,0
46.94,48.19,38.09,45.24,47.21,53.06,51.81,48.58,48.88,49.92,1
46.31,49.83,49.4,48.36,49.02,53.69,50.17,56.7,54.31,53.52,0
48.4,51.03,43.88,42.65,48.52,51.6,48.96,51.88,52.52,52.33,0
52.08,53.1,48.29,48.77,48.17,47.92,46.87,45.34,45.1,47.14,0
50.49,47.49,54.52,55.88,54.29,49.51,52.48,54.87,56.09,51.88,1
52.21,51.9,51.83,49.51,51.86,47.79,48.08,50.3,49.67,49.25,1
50.81,53.09,40.19,50.23,48.55,49.19,46.34,46.35,47.2,46.63,1
50.26,51.22,48.72,49.43,49.37,49.74,48.76,52.62,52.32,52.13,1
49.46,52.42,47.11,45.06,47.66,50.54,47.57,50.09,46.49,47.1,0
53.24,51.21,55.09,52.74,53.99,46.76,49.26,50.0,55.63,52.82,1
43.58,44.23,44.68,45.13,46.5,56.42,55.77,49.35,54.04,52.49,1
49.46,48.97,50.07,49.67,51.07,50.54,51.03,45.65,47.56,49.4,0
47.73,48.89,44.4,47.22,46.86,52.27,51.1,48.31,43.17,45.75,0
49.52,51.39,46.41,46.84,46.57,50.48,48.61,47.27,48.2,49.91,1
47.47,47.47,41.78,46.65,47.53,52.53,52.53,56.87,59.38,51.65,0
47.46,46.1,42.09,46.18,45.54,52.54,54.46,48.89,50.49,48.65,0
50.73,51.05,48.36,45.79,48.27,49.27,47.43,51.16,49.12,47.33,0
49.58,48.76,49.09,47.91,47.69,50.42,51.19,42.87,47.86,48.18,1
48.74,48.41,52.48,50.55,48.76,51.26,51.23,51.07,53.75,51.06,0
52.02,53.29,54.71,51.58,52.86,47.98,46.7,46.07,48.66,49.56,0
48.84,48.6,48.75,49.89,48.97,51.16,51.4,48.07,46.62,54.51,0
47.1,46.71,55.3,54.11,53.97,52.9,53.28,57.26,58.78,56.71,0
48.45,46.92,51.06,52.92,53.7,51.55,53.08,52.79,48.91,49.16,0
51.97,51.16,51.38,53.5,53.77,48.03,48.8,53.03,51.17,50.96,1
48.12,48.56,39.99,42.0,42.79,51.88,51.4,44.92,47.14,47.89,0
52.6,48.16,51.02,50.95,52.13,47.4,51.83,37.77,45.42,45.12,0
50.42,52.56,51.32,49.27,49.69,49.58,47.43,46.53,43.98,45.13,0
51.97,50.83,51.52,49.65,47.58,48.03,49.16,45.6,44.72,50.39,1
47.65,48.62,48.45,54.23,52.46,52.35,51.36,46.96,47.62,50.96,1
47.51,48.8,53.51,53.79,52.05,52.49,51.2,42.88,44.67,44.9,0
47.35,42.46,54.74,52.87,54.6,52.65,56.71,54.6,53.86,51.95,1
48.21,45.79,48.9,46.48,48.88,51.79,54.96,44.13,44.88,51.2,0
50.3,53.54,43.76,46.6,50.75,49.7,46.41,48.12,46.5,47.81,1
49.79,47.28,45.88,41.54,42.24,50.21,52.37,48.76,44.57,48.6,0
48.89,46.31,50.54,47.84,46.14,51.11,53.65,56.53,52.18,49.87,1
60.22,54.11,63.15,58.5,59.68,39.78,45.87,43.29,46.98,47.22,1
49.55,48.04,52.63,50.33,49.03,50.45,51.94,53.62,53.41,53.97,1
51.69,48.7,53.88,50.88,52.42,48.31,50.84,53.13,51.87,50.13,0
47.64,50.43,50.67,51.2,49.34,52.36,49.56,47.64,51.47,51.71,1
49.26,50.14,46.27,45.41,51.25,50.74,49.85,50.46,49.76,48.52,0
49.72,57.11,59.38,61.28,52.92,50.28,42.89,49.63,48.18,51.04,0
49.15,49.44,52.37,56.28,52.47,50.85,50.54,49.38,49.57,53.58,0
49.36,47.85,45.02,47.5,48.78,50.64,52.15,49.84,52.59,49.93,0
47.47,49.04,53.58,44.57,45.26,52.53,59.36,47.55,46.99,45.56,0
47.92,49.57,49.45,49.8,47.5,52.08,50.41,52.42,48.65,50.95,1
44.11,44.41,44.73,46.75,46.61,55.89,55.57,51.75,52.2,51.62,0
52.56,50.5,57.14,55.41,54.62,47.44,49.49,52.07,50.68,50.22,1
50.96,51.91,39.92,49.1,50.72,49.04,48.09,52.73,50.22,51.61,0
49.68,52.76,57.98,47.49,53.25,50.32,47.68,47.45,47.69,47.15,0
52.85,49.77,45.35,49.3,51.17,47.15,50.23,48.04,48.13,46.85,1
46.68,44.04,48.23,49.29,49.78,53.32,55.93,46.23,46.59,47.55,1
51.44,56.24,45.96,48.14,46.5,48.56,44.33,46.27,46.3,49.49,1
49.78,47.36,54.08,53.58,54.29,50.22,51.91,39.38,43.48,47.2,1
49.46,54.4,55.8,51.72,52.72,50.54,45.08,48.59,48.28,47.54,1
48.39,49.49,49.04,42.29,44.74,51.61,50.77,44.16,45.62,47.0,1
48.74,55.73,57.87,52.95,52.24,51.26,44.27,56.08,53.75,50.84,0
51.15,51.82,57.82,56.05,55.18,48.85,48.16,54.92,54.75,50.7,0
48.7,52.61,41.49,43.91,44.56,51.3,47.56,51.89,53.11,49.1,0
50.52,49.32,47.68,52.22,52.63,49.48,50.53,54.38,53.3,48.81,0
49.51,49.84,47.76,48.15,46.97,50.49,50.15,51.79,49.81,49.81,0
49.85,50.17,46.4,47.39,47.5,50.15,49.83,47.64,49.44,50.72,1
54.15,50.27,55.62,52.9,49.48,45.85,49.7,44.31,43.86,45.49,1
50.16,51.81,45.58,46.28,51.9,49.84,48.18,54.54,52.68,50.36,0
53.67,50.71,55.36,56.18,56.91,46.33,49.27,44.93,44.79,47.32,1
50.82,49.01,52.48,47.52,48.99,49.18,50.92,48.23,46.57,48.36,1
44.87,47.09,47.69,47.29,49.02,55.13,52.91,55.72,56.36,51.55,1
45.84,50.94,41.57,44.96,46.33,54.16,49.04,50.49,50.36,54.43,0
53.11,50.9,45.0,51.33,49.69,46.89,49.06,49.0,48.66,48.24,1
48.53,47.51,45.09,45.74,48.52,51.47,53.25,44.55,44.1,47.27,1
49.15,51.59,51.81,49.51,47.77,50.85,48.37,50.57,52.89,52.73,0
52.63,50.97,41.39,43.72,49.42,47.37,49.03,43.16,44.35,49.08,0
49.27,48.71,48.89,51.76,50.15,50.73,53.81,51.53,51.24,52.43,1
52.8,50.66,56.66,58.47,55.24,47.2,49.32,47.81,54.18,52.82,1
48.03,47.84,51.62,45.88,49.39,51.97,52.15,55.74,53.16,51.26,1
47.07,49.96,45.29,44.53,47.41,52.93,50.04,46.56,52.43,51.57,1
50.36,49.79,46.33,47.9,48.24,49.64,50.16,52.26,53.33,51.29,1
47.79,47.52,45.69,49.0,48.24,52.21,52.48,53.93,53.89,54.04,1
49.55,46.98,47.48,48.24,49.64,50.45,52.95,51.75,54.5,51.55,0
48.49,48.68,44.63,47.31,48.88,51.51,50.96,54.98,57.11,53.52,0
52.04,51.26,45.11,49.64,50.43,47.96,48.72,51.42,48.47,47.84,0
49.94,48.26,48.63,50.05,51.49,50.06,51.74,51.52,49.05,47.94,0
49.43,53.26,53.35,48.43,48.53,50.57,46.74,46.28,44.7,50.74,0
50.07,51.32,48.8,50.83,45.22,49.93,48.66,49.67,49.57,49.9,0
49.85,51.59,45.85,48.05,47.58,50.15,48.41,49.0,47.11,46.86,1
54.4,50.56,50.81,52.42,51.75,45.6,49.41,52.65,44.87,48.39,1
53.05,51.88,48.64,49.59,51.59,46.95,48.1,45.93,47.45,48.4,1
46.18,49.96,44.73,45.06,47.98,53.82,50.03,50.64,50.03,50.87,0
46.04,49.13,50.6,51.8,55.7,53.96,50.84,48.13,51.1,51.82,0
48.77,47.85,50.47,48.86,51.1,51.23,51.75,52.01,52.05,49.73,1
50.94,49.25,50.48,51.57,49.62,49.06,50.75,49.68,51.36,50.75,0
53.08,55.36,50.09,42.19,54.07,46.92,44.99,46.74,48.12,49.55,1
47.06,47.44,44.74,43.24,47.35,52.94,52.55,52.91,52.27,50.54,0
49.53,45.11,42.21,44.44,47.78,50.47,55.07,54.72,50.6,50.73,0
54.87,51.37,57.33,55.48,51.39,45.13,48.63,47.24,48.51,47.55,0
49.02,48.53,49.07,48.29,49.74,50.98,51.44,53.17,48.63,49.97,1
49.61,51.51,44.77,48.38,51.55,50.39,48.45,49.36,51.59,49.39,0
47.59,47.84,44.02,44.04,44.68,52.41,52.16,44.73,49.43,51.08,0
45.82,45.75,52.39,47.1,48.79,54.18,54.25,51.77,49.99,52.62,1
48.8,49.25,49.02,50.26,48.72,51.2,50.71,55.5,51.58,50.62,0
49.05,46.36,46.44,41.75,45.68,50.95,53.64,60.0,55.52,55.62,1
51.54,49.36,43.6,47.43,45.78,48.46,50.64,44.14,48.2,46.44,0
51.29,50.29,50.18,47.17,48.49,48.71,49.68,46.25,51.21,51.14,1
52.77,49.65,47.68,47.56,46.47,47.23,50.32,44.06,47.17,46.79,1
49.85,48.02,53.93,48.07,49.24,50.15,51.97,48.8,45.91,48.5,0
50.57,50.04,45.04,48.45,48.77,49.43,49.96,54.59,53.41,54.09,1
49.65,51.26,47.4,45.61,50.35,50.35,48.74,54.6,50.72,51.2,1
51.83,48.06,46.01,48.38,48.92,48.17,51.89,53.38,54.93,51.66,0
46.92,46.14,46.26,44.69,43.79,53.08,53.83,49.98,47.26,48.86,1
50.42,49.3,55.14,55.33,52.68,49.58,50.7,52.26,55.01,51.99,1
51.95,51.41,51.82,52.73,50.54,48.05,48.59,37.54,44.83,47.16,0
45.7,47.42,43.23,44.8,44.87,54.3,52.55,53.13,52.32,51.07,0
48.9,49.54,54.63,56.67,52.58,51.1,50.4,48.62,47.85,47.59,1
48.93,48.2,41.81,44.21,45.99,51.07,51.72,52.71,48.7,50.84,0
55.32,50.13,48.12,50.19,50.14,44.68,49.87,49.95,48.8,47.8,0
50.18,48.83,50.14,50.91,51.61,49.82,51.15,57.3,54.67,54.19,1
48.21,47.16,45.56,48.39,50.06,51.79,55.13,56.66,51.32,53.69,0
53.86,48.85,56.47,53.65,51.96,46.14,51.67,52.26,56.71,52.02,0
45.12,48.62,57.18,47.24,46.71,54.88,51.38,56.54,57.11,54.79,1
52.17,53.38,56.04,55.33,55.06,47.83,46.76,48.4,50.93,51.5,0
49.93,50.05,49.67,52.12,52.33,50.07,49.95,53.58,49.22,50.77,1
47.87,45.07,45.53,47.37,45.76,52.13,54.92,51.12,53.46,51.69,1
48.89,52.22,43.1,45.31,43.9,51.11,47.78,48.87,49.52,49.81,0
51.98,50.72,55.66,56.51,50.93,48.02,49.06,48.79,45.43,48.25,0
47.86,52.73,46.83,47.78,51.86,52.14,45.98,51.72,49.83,50.82,1
52.83,49.9,52.83,53.12,51.55,47.17,50.04,50.58,49.62,46.24,1
47.61,47.42,42.1,48.29,47.54,52.39,52.57,47.92,48.95,49.28,1
51.4,51.19,48.0,48.68,49.28,48.6,48.81,46.59,44.53,44.52,0
51.53,49.67,54.74,51.57,52.05,48.47,50.37,46.33,46.86,50.05,0
51.97,52.89,47.34,51.23,51.52,48.03,47.1,48.87,48.48,49.72,0
46.16,45.55,52.19,57.22,49.1,53.84,54.44,51.62,53.84,52.9,0
52.7,49.95,48.24,48.86,47.56,47.3,50.01,49.28,46.63,47.71,1
52.02,48.95,47.94,47.5,50.13,47.98,51.77,50.97,56.84,51.68,1
47.39,46.15,45.98,48.24,49.32,52.61,53.85,50.74,50.96,51.35,0
52.04,48.9,51.38,48.08,49.97,47.96,51.1,49.61,50.08,48.32,0
48.69,43.86,52.15,52.65,53.06,51.31,56.12,54.27,54.78,50.65,1
50.44,49.98,47.57,47.93,44.81,49.56,50.02,44.88,45.51,46.2,1
49.39,46.61,48.71,49.78,49.71,50.61,53.37,49.15,49.6,51.13,0
51.21,48.96,45.67,48.23,47.9,48.79,51.04,55.21,55.34,53.77,1
46.42,46.96,40.39,43.64,45.07,53.58,53.01,51.2,50.41,51.34,0
49.24,51.76,45.41,42.89,51.36,50.76,48.21,50.5,51.3,50.75,0
51.52,49.7,51.49,51.58,51.1,48.48,50.28,48.76,48.81,47.83,0
54.86,52.87,50.76,52.79,51.37,45.14,47.13,48.23,48.84,47.71,1
54.78,52.62,53.33,51.97,52.87,45.22,47.3,42.25,45.74,47.59,0
46.37,45.43,43.42,44.02,44.52,53.63,54.55,50.43,48.71,49.38,0
49.12,45.02,52.85,51.94,51.82,50.88,54.95,51.91,47.68,50.99,1
48.25,48.68,48.81,49.43,50.79,51.75,51.32,49.7,52.02,54.17,0
51.3,51.64,54.23,54.95,53.3,48.7,47.94,53.01,53.65,52.64,1
49.14,52.3,50.56,53.65,53.14,50.86,47.7,55.74,54.96,53.84,0
46.71,49.53,49.21,50.45,51.66,53.29,50.46,44.07,45.72,48.83,0
51.38,48.09,50.09,54.41,52.33,48.62,51.88,47.3,48.33,50.21,0
53.28,51.91,52.86,55.12,54.86,46.72,48.01,44.31,47.11,46.09,0
52.35,52.12,45.48,47.44,49.65,47.65,47.87,48.23,42.38,45.78,1
46.54,46.71,46.41,44.27,46.12,53.46,53.28,43.95,51.63,48.93,1
53.75,51.73,48.99,47.6,50.04,46.25,48.23,41.7,47.41,47.97,0
52.99,50.56,49.89,49.57,50.11,47.01,49.44,47.76,48.21,48.31,0
49.23,49.52,47.93,44.72,45.05,50.77,50.48,48.72,47.72,48.42,0
47.17,48.9,45.15,45.3,45.36,52.83,51.06,49.0,45.12,48.11,0
48.36,46.8,53.83,49.92,48.61,51.64,52.47,47.99,49.91,51.55,1
49.59,49.54,51.16,52.14,53.63,50.41,50.45,52.73,55.03,53.29,0
50.23,48.54,48.65,44.05,49.03,49.77,48.13,42.84,43.88,42.41,0
51.92,51.5,47.32,47.02,46.91,48.08,48.47,52.29,46.29,46.69,0
51.54,48.06,45.37,49.0,48.56,48.46,51.94,48.35,50.86,52.95,0
49.31,47.52,44.47,50.16,48.45,50.69,52.47,47.17,48.16,50.37,1
52.21,45.79,50.56,50.11,49.28,47.79,54.21,50.41,51.52,50.2,1
52.46,52.54,45.33,44.0,47.05,47.54,46.89,48.44,49.02,48.9,0
50.14,55.4,44.52,45.53,46.36,49.86,45.3,45.51,46.27,49.21,1
51.41,48.48,48.02,48.14,48.63,48.59,51.48,45.26,46.8,48.5,0
49.29,51.22,45.93,47.46,47.71,50.71,48.74,51.29,51.16,53.28,0
50.52,52.69,47.77,46.5,50.75,49.48,47.28,49.05,49.18,48.49,0
48.28,51.22,49.04,47.29,49.5,51.72,47.76,44.19,47.58,50.78,1
52.72,50.57,58.2,54.52,54.5,47.28,49.41,52.76,52.51,51.47,1
52.49,53.0,54.6,54.76,49.3,47.51,46.98,49.48,45.91,47.89,0
50.86,51.02,45.95,49.62,49.36,49.14,48.96,48.05,49.31,48.57,0
47.86,51.04,47.78,48.02,49.58,52.14,48.96,47.83,49.05,49.24,0
46.58,47.9,48.12,46.15,48.09,53.42,51.97,53.61,53.3,51.0,1
46.36,51.61,50.12,46.82,50.72,53.64,48.39,49.2,53.89,51.62,1
50.95,53.51,52.14,51.2,49.01,49.05,46.49,44.28,47.97,47.38,1
45.64,50.44,44.59,40.48,44.55,54.36,49.48,62.93,54.42,52.41,1
51.06,49.57,50.26,50.72,49.48,48.94,50.4,50.99,51.41,49.83,0
51.52,49.85,60.24,57.67,54.68,48.48,50.14,55.79,53.61,53.3,1
47.97,52.78,49.02,52.1,54.36,52.03,47.18,46.7,56.08,54.84,0
50.34,51.46,46.41,47.26,48.36,49.66,48.51,44.24,44.44,43.24,1
50.87,50.69,55.53,54.79,53.7,49.13,49.3,47.58,44.0,48.12,1
46.53,47.08,44.1,43.59,43.57,53.47,52.9,54.25,51.43,49.47,0
51.15,51.38,54.52,53.69,53.04,48.85,48.62,51.42,51.17,51.58,0
49.92,49.51,56.37,54.33,49.4,50.08,50.48,53.27,50.38,50.5,0
50.47,48.99,54.07,51.34,50.37,49.53,50.99,48.56,50.29,50.55,0
50.84,54.25,45.88,48.84,49.45,49.16,45.75,44.83,46.87,47.74,0
52.57,50.34,43.02,45.21,47.55,47.43,49.66,49.81,51.16,49.7,1
49.53,49.33,50.88,49.58,50.18,50.47,50.64,51.26,50.95,50.0,1
48.12,50.07,49.25,52.4,50.33,51.88,49.93,54.11,49.97,49.96,1
51.71,49.2,51.24,51.51,48.84,48.29,50.77,52.64,52.1,50.48,0
51.7,49.58,43.83,45.04,49.93,48.3,50.4,51.7,48.1,47.96,0
51.47,52.33,49.99,50.45,49.11,48.53,47.63,49.89,49.16,48.94,1
47.42,49.13,44.83,44.79,47.95,52.58,50.87,57.45,54.76,53.93,0
51.81,51.72,48.26,50.72,49.0,48.19,48.0,52.32,44.77,53.19,1
47.52,47.49,48.16,46.65,45.66,52.48,52.51,52.74,56.68,50.61,1
47.16,48.14,46.83,46.1,47.68,52.84,51.83,53.52,54.1,48.66,1
55.21,54.87,57.07,54.84,53.82,44.79,45.13,40.54,45.53,48.35,0
54.97,54.65,64.3,62.29,58.87,45.03,45.28,47.41,45.53,47.35,0
45.51,45.24,51.58,49.24,50.83,54.49,54.76,58.76,60.62,58.12,1
44.47,46.74,47.37,46.5,47.02,55.53,53.66,51.92,52.69,51.55,1
49.06,50.9,44.86,46.43,49.23,50.94,49.1,43.61,46.59,47.11,1
54.45,51.8,50.32,50.31,51.67,45.55,48.19,37.49,41.35,47.7,0
53.46,48.95,50.32,50.39,50.86,46.54,50.68,46.77,48.26,48.05,1
52.38,52.88,49.57,50.33,53.2,47.62,47.1,46.92,46.09,47.88,1
51.22,50.3,52.19,52.96,51.43,48.78,49.7,51.31,49.04,51.77,0
51.58,48.27,52.46,55.26,50.95,48.42,51.73,46.99,45.26,49.14,1
47.9,50.41,42.33,44.33,45.66,52.1,49.57,43.01,47.37,50.23,1
49.49,49.4,47.81,47.81,50.69,50.51,50.6,57.41,54.41,53.26,1
55.09,50.22,52.04,50.66,50.69,44.91,49.77,46.43,47.34,48.59,0
51.47,48.26,52.51,56.05,51.58,48.53,51.73,48.85,48.59,50.57,1
50.66,50.78,49.77,50.72,51.22,49.34,49.15,47.64,48.66,49.17,0
48.39,49.38,45.31,46.2,48.42,51.61,50.62,48.85,48.92,50.24,0
51.11,49.75,45.98,45.44,47.79,48.89,50.22,47.1,46.43,46.54,1
51.38,50.81,52.15,51.97,51.81,48.62,49.18,48.85,51.31,49.31,0
50.57,50.13,51.72,51.39,52.1,49.43,49.86,50.87,48.55,51.37,0
50.03,49.15,51.28,48.83,48.79,49.97,50.83,53.99,52.6,52.14,0
52.49,51.76,54.42,50.01,52.98,47.51,48.24,55.42,54.75,51.71,0
57.55,53.27,61.29,62.39,56.89,42.45,46.72,46.68,47.26,48.11,0
53.13,51.89,50.93,49.59,50.07,46.87,48.09,51.08,49.03,50.04,1
51.39,50.27,55.23,52.02,50.93,48.61,49.73,43.88,44.82,47.18,1
48.54,48.85,54.71,49.48,50.64,51.46,51.15,55.17,54.3,52.76,0
51.11,47.75,47.79,47.81,46.91,48.89,52.23,45.94,38.4,42.13,1
44.75,41.14,45.62,47.63,47.62,55.25,59.25,55.98,56.62,53.73,1
51.44,50.3,55.98,54.37,52.0,48.56,49.68,56.05,53.22,53.28,1
50.89,50.44,51.43,51.01,50.09,49.11,49.56,48.52,46.35,47.66,1
54.22,53.14,51.21,51.56,52.21,45.78,46.86,46.49,46.95,49.35,0
49.38,47.2,46.83,47.93,48.35,50.62,52.8,48.53,46.02,48.08,0
48.74,51.14,56.66,52.67,52.89,51.26,48.85,44.46,44.54,46.13,1
52.09,49.82,50.22,48.48,50.25,47.91,50.16,49.65,49.44,48.21,1
46.96,52.94,43.87,43.92,49.23,53.04,47.54,46.33,47.17,50.49,1
50.7,50.12,47.57,49.23,48.14,49.3,49.63,49.23,52.49,52.23,0
48.9,49.88,52.11,50.59,49.05,51.1,50.11,50.9,48.92,51.81,0
48.89,52.18,47.16,49.37,49.19,51.11,47.82,47.15,46.08,47.37,1
49.52,50.93,46.68,44.76,47.2,50.48,49.04,46.8,49.12,45.71,1
48.66,48.17,46.23,45.92,47.56,51.34,51.78,49.3,49.43,50.33,0
46.96,49.19,48.64,49.37,51.44,53.04,50.8,57.57,50.06,50.03,1
52.1,52.5,47.79,50.15,48.73,47.9,47.5,47.68,49.29,48.89,0
52.05,51.39,51.31,52.1,51.32,47.95,48.59,46.64,47.63,47.02,1
46.74,49.42,41.71,48.9,49.51,53.26,50.57,54.7,52.42,52.11,0
53.6,50.47,51.62,51.05,51.24,46.4,49.52,47.39,50.48,49.15,0
46.01,49.8,40.9,45.07,46.01,53.99,50.2,52.34,51.56,52.06,0
48.68,49.79,49.13,51.4,51.53,51.32,50.19,54.72,57.09,50.73,0
56.5,53.96,49.08,50.77,51.72,43.5,46.04,45.47,44.27,46.28,1
52.5,51.36,52.29,50.46,51.22,47.5,48.63,51.88,48.93,51.94,0
54.08,53.73,56.76,59.14,53.69,45.92,46.27,39.52,45.43,51.12,1
50.36,52.08,48.33,53.09,49.01,49.64,48.95,53.14,51.99,51.0,1
51.26,52.62,53.9,51.05,50.74,48.74,47.35,41.27,45.38,46.59,0
41.57,44.49,40.93,45.05,44.89,58.43,55.48,53.36,51.47,51.01,1
50.93,53.58,47.79,45.05,50.76,49.07,46.94,50.61,51.61,51.81,1
52.91,51.49,52.95,53.3,51.73,47.09,48.51,40.55,41.69,44.19,1
48.3,45.83,44.11,42.96,46.42,51.7,56.03,52.67,52.57,51.73,1
52.45,51.72,55.24,56.14,55.93,47.55,48.26,46.41,51.36,50.76,1
48.96,48.73,47.54,47.58,47.91,51.04,51.27,50.07,49.97,49.44,1
46.53,49.22,50.27,45.24,48.82,53.47,50.73,58.13,58.73,55.05,0
53.21,49.49,54.65,54.96,53.66,46.79,50.46,51.55,50.77,49.1,0
48.02,44.96,45.28,42.44,46.61,51.98,55.04,44.44,47.44,48.53,1
46.91,45.59,51.07,47.91,48.0,53.09,54.9,50.37,50.01,53.66,0
49.98,54.15,52.33,52.74,50.73,50.02,46.2,52.35,51.64,52.53,0
47.77,50.36,51.91,49.14,48.46,52.23,48.33,42.91,46.85,47.29,1
48.88,49.5,49.93,50.64,50.6,51.12,50.49,53.79,53.77,53.51,1
48.22,50.94,46.59,50.17,48.44,51.78,49.0,40.91,50.01,48.88,1
49.55,48.04,52.63,50.33,49.03,50.45,51.94,53.62,53.41,53.97,0
48.81,50.19,46.12,48.06,50.18,51.19,49.77,50.43,49.06,49.23,1
49.13,47.5,45.75,52.22,47.39,50.87,52.48,49.37,53.4,51.43,1
50.34,48.63,42.74,47.79,52.24,49.66,51.36,53.37,51.88,51.33,1
50.37,47.62,52.45,49.18,49.74,49.63,52.35,55.5,52.68,51.78,0
49.24,47.75,49.38,54.02,50.84,50.76,52.23,47.81,51.55,51.62,0
47.17,48.25,51.73,51.13,49.77,52.83,51.73,49.5,54.22,53.0,1
47.77,51.69,48.25,46.66,49.62,52.23,48.31,53.82,51.58,51.83,0
47.19,46.2,50.59,46.53,46.52,52.81,53.8,55.98,56.1,52.83,0
51.22,47.33,46.53,52.13,53.93,48.78,52.67,45.92,45.4,47.95,1
45.43,49.13,45.34,44.5,47.5,54.57,51.07,46.67,46.82,46.63,0
54.74,53.89,56.75,56.24,56.23,45.26,46.1,42.49,46.25,51.73,1
48.55,48.96,43.76,44.38,45.7,51.45,51.02,52.35,51.72,51.46,0
48.96,50.33,52.12,54.97,55.94,51.04,49.67,49.35,53.27,52.77,1
48.53,52.03,51.5,50.18,47.31,51.47,47.95,47.99,51.27,48.61,1
48.08,47.39,43.16,48.3,49.37,51.92,52.6,47.6,49.0,49.61,0
52.69,56.56,52.57,53.0,52.49,47.31,44.8,48.78,47.03,49.49,0
45.1,50.26,47.19,42.08,45.89,54.9,48.99,55.02,53.67,55.72,0
52.18,56.99,42.22,48.09,51.71,47.82,42.99,49.09,52.35,49.68,1
49.67,48.44,48.43,50.56,52.82,50.33,51.56,49.38,51.23,51.87,0
53.43,51.7,57.07,56.74,54.88,46.57,48.3,45.25,48.57,48.7,1
52.22,55.9,52.22,50.14,51.6,47.78,45.15,51.04,47.71,48.21,1
50.44,50.38,47.31,49.08,48.48,49.56,49.61,44.19,44.41,45.96,0
50.74,50.75,51.64,53.99,53.28,49.26,49.11,51.0,54.08,52.48,0
51.28,57.54,47.4,48.18,47.3,48.72,42.43,46.16,44.22,45.63,0
47.13,43.28,55.01,47.38,47.46,52.87,58.1,46.07,50.21,45.59,1
51.4,55.96,53.3,52.21,52.45,48.6,44.71,48.51,43.48,50.43,1
50.77,51.82,58.15,54.64,52.3,49.23,48.15,52.71,51.1,50.09,0
49.92,49.8,48.44,48.61,48.73,50.08,50.18,62.71,48.05,50.25,0
42.0,46.24,43.64,44.04,45.57,58.0,53.55,56.83,57.43,55.93,0
50.73,54.42,43.91,44.66,46.12,49.27,45.58,47.87,46.4,49.99,0
47.76,47.47,33.34,34.04,41.15,52.24,52.65,49.32,50.01,48.88,1
49.56,47.52,45.18,48.21,49.26,50.44,52.46,53.7,52.35,49.74,1
52.41,49.16,46.54,48.51,47.63,47.59,50.76,47.99,47.67,48.19,0
51.28,50.52,58.8,56.47,52.37,48.72,49.45,50.41,47.9,48.58,0
49.81,49.81,51.82,50.51,49.64,50.19,50.15,47.76,47.0,49.3,0
50.41,49.66,54.42,51.98,50.29,49.59,50.34,49.65,48.03,48.94,1
51.35,48.29,48.85,49.97,48.66,48.65,51.68,50.15,50.5,50.18,1
51.84,51.01,53.27,51.58,51.24,48.16,48.97,44.63,45.45,46.32,1
44.61,48.88,43.66,47.82,49.78,55.39,51.12,44.99,45.12,46.61,0
50.5,54.38,51.31,47.72,52.17,49.5,45.55,48.47,46.09,47.79,1
51.54,50.12,38.13,44.63,48.91,48.46,49.88,54.99,51.54,54.03,1
50.7,52.32,55.56,51.96,48.65,49.3,47.67,49.34,49.37,49.68,0
50.66,47.92,48.65,51.21,51.25,49.34,52.06,50.18,49.29,51.86,1
53.5,53.53,47.69,55.12,54.47,46.5,46.47,45.23,48.01,47.82,1
48.79,50.62,42.27,49.64,49.12,51.21,49.36,49.27,47.28,48.4,0
49.92,48.41,45.26,44.02,44.76,50.08,51.51,48.17,48.23,49.99,0
51.3,55.04,51.56,49.29,48.37,48.7,45.99,53.26,47.45,46.72,0
52.52,52.74,46.39,49.46,48.63,47.48,47.26,49.34,49.39,49.95,1
47.42,48.88,38.22,48.28,43.86,52.58,51.12,46.47,46.0,46.77,0
50.25,49.89,48.13,48.1,49.48,49.75,50.28,42.08,39.26,48.58,1
50.85,54.16,51.32,53.51,52.24,49.15,45.84,50.79,51.1,47.81,0
49.61,50.37,51.72,50.64,50.2,50.39,49.6,50.56,49.26,50.04,1
48.51,49.22,52.25,51.23,50.37,51.49,50.73,52.01,51.63,51.36,1
45.21,47.23,43.99,48.67,46.8,54.79,52.77,51.1,52.11,50.95,0
48.99,44.64,47.65,48.66,47.03,51.01,55.35,49.37,52.99,49.89,1
50.69,51.73,53.27,51.62,50.57,49.31,48.27,47.34,46.86,48.36,0
51.29,49.04,50.29,52.28,50.37,48.71,50.92,47.91,47.64,46.58,1
48.13,52.4,44.2,46.48,49.8,51.87,47.6,59.22,57.1,54.37,0
52.62,54.84,52.27,52.42,53.97,47.38,45.16,43.23,46.15,46.96,1
51.71,55.98,49.62,50.85,50.65,48.29,46.03,39.15,41.93,47.06,1
51.22,50.95,47.79,46.11,51.04,48.78,48.99,49.92,48.57,48.19,1
44.96,48.94,47.12,48.38,43.31,55.04,50.93,49.48,58.38,55.75,0
48.53,50.82,49.9,48.86,49.88,51.47,49.17,45.44,53.97,50.16,1
47.37,50.51,47.94,47.64,49.28,52.63,49.33,38.38,47.65,48.96,1
53.19,53.25,44.98,46.89,47.54,46.81,46.73,47.42,47.25,47.74,1
48.26,51.26,52.48,55.15,50.68,51.74,47.56,50.64,48.7,52.9,1
47.64,45.73,46.95,46.69,49.26,52.36,55.67,43.82,46.58,51.84,1
49.56,51.36,51.71,47.41,49.07,50.44,48.64,54.99,51.75,53.14,1
51.49,47.97,41.52,46.8,49.06,48.51,52.02,51.14,49.95,49.33,1
53.0,53.45,50.44,52.93,53.51,47.0,46.55,49.33,47.28,48.29,1
50.15,50.74,48.5,48.12,50.56,49.85,49.23,46.62,49.62,50.0,1
50.21,47.83,52.55,50.84,47.99,49.79,52.15,48.52,50.08,51.11,1
50.28,48.02,48.31,50.39,48.17,49.72,51.97,51.39,50.58,49.99,0
45.41,45.27,44.27,51.31,49.57,54.59,55.66,48.52,47.53,49.79,1
55.53,45.67,53.47,53.37,52.63,44.47,54.3,47.85,47.76,48.54,1
51.37,47.78,53.22,48.54,47.2,48.63,52.2,42.02,42.04,46.21,1
50.85,48.46,44.18,42.52,44.13,49.15,51.54,45.71,47.08,46.04,0
52.51,51.07,53.7,52.6,51.77,47.49,48.92,48.1,48.95,49.08,1
48.55,50.11,42.3,45.01,46.77,51.45,49.81,50.15,46.11,51.11,1
49.23,51.55,50.35,52.2,50.46,50.77,48.42,50.62,49.69,49.25,1
44.85,46.88,42.56,46.75,47.51,55.15,53.1,53.87,51.87,50.75,0
51.92,50.2,57.55,55.65,52.85,48.08,49.78,49.17,50.77,51.15,0
53.96,50.4,47.26,45.61,49.71,46.04,49.53,40.61,44.9,47.14,1
53.22,52.03,56.14,56.55,52.9,46.78,47.97,46.98,44.27,47.47,0
50.57,52.64,50.47,43.88,53.57,49.43,47.36,45.9,46.79,47.44,1
47.64,49.63,43.89,43.92,44.97,52.36,50.35,47.07,49.63,50.78,1
51.14,50.08,53.92,52.13,52.6,48.86,49.92,48.17,51.88,51.75,1
50.43,49.28,48.6,45.91,47.88,49.57,50.68,43.21,48.86,46.83,1
47.85,45.07,41.82,40.61,44.87,52.15,54.79,50.1,46.3,47.85,1
53.27,47.18,51.54,54.05,51.17,46.73,52.8,53.51,51.18,49.72,1
48.31,49.1,50.32,52.08,49.26,51.69,50.88,56.01,56.42,52.67,0
47.65,46.88,42.73,51.61,50.28,52.35,53.11,43.43,46.83,50.73,0
51.26,47.42,47.39,51.47,50.65,48.74,52.58,47.88,47.93,47.01,1
50.57,51.61,50.72,50.88,51.28,49.43,48.39,42.86,48.07,49.12,1
51.5,47.51,48.05,50.84,48.11,48.5,52.45,48.31,51.92,52.8,1
47.73,47.97,44.22,42.77,45.35,52.27,52.02,42.82,48.25,48.81,1
53.11,50.57,54.52,51.57,52.02,46.89,49.41,48.99,47.16,47.05,0
53.28,51.69,52.92,48.59,49.54,46.72,48.31,47.74,45.42,46.82,1
51.49,50.15,54.14,52.61,56.29,48.51,49.85,50.09,49.8,49.29,1
51.18,52.53,47.91,49.79,48.18,48.82,48.79,52.06,52.44,52.62,0
49.83,53.01,53.61,52.88,52.71,50.17,47.83,47.67,49.51,51.75,0
51.3,49.24,45.78,45.39,48.56,48.7,50.75,46.6,47.91,46.94,0
49.18,48.66,45.3,47.81,49.63,50.82,51.32,47.53,43.77,46.08,0
51.92,49.83,50.01,49.01,49.58,48.08,50.15,45.44,47.5,51.08,1
49.37,48.82,50.15,49.75,51.1,50.63,51.18,44.31,44.85,49.43,1
51.84,50.01,53.52,53.59,53.67,48.16,49.93,47.07,42.45,51.5,1
50.39,49.36,57.01,52.96,51.38,49.61,50.64,51.67,49.42,49.83,1
49.27,47.36,47.39,51.72,48.05,50.73,52.74,51.89,53.33,51.76,1
50.06,47.72,45.37,55.17,52.2,49.94,51.4,47.88,47.66,48.09,1
50.36,50.47,50.11,49.31,52.64,49.64,49.53,50.61,53.36,53.17,0
46.15,45.7,49.63,55.43,49.15,53.85,53.87,58.08,56.41,54.73,0
49.71,49.41,49.85,49.14,50.86,50.29,50.57,50.64,48.14,49.45,0
54.32,51.7,54.89,47.23,47.87,45.68,48.28,50.93,48.79,50.23,1
47.36,48.18,46.01,44.19,47.57,52.64,51.78,52.15,53.76,50.3,0
52.19,48.19,56.33,57.25,54.58,47.81,51.81,52.66,49.66,52.0,0
48.25,46.57,41.75,45.85,49.05,51.75,53.4,49.27,48.44,50.2,0
51.85,50.02,53.64,52.16,51.34,48.15,50.06,46.06,49.65,51.47,1
53.55,55.63,57.4,57.34,56.34,46.45,44.37,48.65,49.41,49.52,0
44.07,49.49,45.54,46.85,47.64,55.93,50.51,62.37,58.99,57.2,0
51.16,53.51,48.83,47.18,47.52,48.84,46.48,48.71,47.34,48.24,0
52.42,52.22,44.56,42.94,48.66,47.58,47.76,43.14,46.93,46.46,0
50.29,50.9,47.38,50.83,50.24,49.71,49.04,46.19,43.64,46.49,0
48.13,44.38,46.75,45.0,48.34,51.87,57.11,49.39,48.88,48.18,0
46.8,45.4,49.09,46.98,48.05,53.2,54.6,53.41,51.49,52.32,0
49.43,50.66,46.81,46.96,48.15,50.57,49.28,46.69,44.93,45.04,1
51.1,49.36,51.62,48.0,48.18,48.9,50.64,47.65,49.49,49.53,1
54.19,55.67,48.98,49.57,50.04,45.81,44.33,43.29,49.02,46.27,1
47.58,49.87,49.93,49.82,51.37,52.42,50.12,50.53,47.74,47.34,0
49.86,51.35,44.59,47.85,49.96,50.14,48.6,48.48,50.78,47.4,0
43.79,46.4,45.22,48.17,45.39,56.21,53.58,55.13,46.51,57.46,1
52.41,53.1,56.2,57.27,52.97,47.59,46.88,47.68,48.23,48.45,0
51.17,50.67,47.76,47.3,49.88,48.83,49.28,47.33,50.3,48.18,0
48.59,48.95,54.21,51.11,48.31,51.41,51.05,47.47,49.98,50.83,0
52.6,50.93,53.5,52.13,51.81,47.4,49.06,53.84,54.92,52.76,1
54.49,51.21,56.84,53.37,52.32,45.51,48.73,47.21,47.95,50.42,0
50.07,52.98,55.78,61.0,51.2,49.93,47.02,47.74,49.13,47.81,1
48.4,48.58,46.29,47.53,47.19,51.6,51.42,50.07,48.97,48.35,0
52.62,52.02,44.49,45.52,48.35,47.38,47.98,46.4,46.03,49.35,0
53.07,56.37,55.8,48.0,49.0,46.93,43.63,49.33,50.77,51.48,1
53.71,52.7,47.95,50.37,50.92,46.29,47.29,43.47,47.04,47.06,0
52.32,47.55,49.67,48.24,50.27,47.68,52.45,47.91,45.87,46.14,0
48.17,49.36,48.03,51.47,44.78,51.83,50.72,63.16,59.04,56.14,0
46.47,49.04,48.52,50.38,51.18,53.53,50.92,54.39,51.33,53.37,0
46.77,46.85,45.31,43.72,47.29,53.23,53.15,52.28,53.54,49.4,1
51.27,51.61,51.02,51.97,51.24,48.73,48.39,47.43,46.7,46.82,1
50.42,50.9,51.99,50.08,49.44,49.58,49.04,51.0,47.94,48.71,0
51.72,52.21,52.04,56.59,55.54,48.28,47.78,52.54,53.05,52.29,0
51.41,50.85,52.79,47.0,49.4,48.59,49.15,51.24,49.88,49.25,1
51.6,45.99,48.03,43.41,48.7,48.4,52.05,35.58,38.17,43.82,1
50.68,49.34,51.86,48.04,51.82,49.32,50.65,48.25,50.87,48.98,0
48.18,46.98,50.0,49.51,50.67,51.82,53.01,48.33,51.21,50.46,0
46.83,48.64,48.48,44.23,47.56,53.17,51.35,53.89,55.72,54.97,0
49.37,50.51,40.77,43.21,47.96,50.63,47.75,55.34,57.91,54.67,1
45.72,48.99,49.39,48.38,46.73,54.28,50.99,46.28,53.07,49.28,1
50.08,47.96,53.82,51.71,51.34,49.92,52.04,49.53,52.56,52.46,0
50.99,52.28,45.56,48.26,47.97,49.01,47.72,45.95,47.52,46.05,1
48.75,44.26,51.61,51.03,48.08,51.25,54.95,47.2,48.18,50.6,0
48.48,49.48,53.25,50.39,51.13,51.52,50.25,60.69,66.22,58.69,0
52.62,54.72,49.4,49.52,52.23,47.38,45.28,47.31,51.7,50.45,0
50.1,51.31,43.46,42.76,47.25,49.9,48.69,45.97,46.98,49.45,1
53.35,51.51,52.85,50.86,52.02,46.65,48.46,47.26,47.95,46.82,0
46.06,49.06,49.12,50.21,50.04,53.94,50.91,60.78,56.79,55.27,0
46.52,44.59,41.46,42.54,44.27,53.48,55.41,59.42,56.59,55.95,1
48.35,51.12,49.79,47.27,49.67,51.65,47.62,53.2,51.96,50.73,1
51.13,44.88,42.21,48.26,48.38,48.87,55.12,51.22,54.34,51.28,1
50.17,55.84,45.05,43.33,46.72,49.83,44.12,53.27,53.24,52.74,1
54.56,54.82,53.55,54.49,51.62,45.44,45.18,50.63,55.82,52.55,1
54.06,53.51,50.36,53.65,48.89,45.94,46.49,46.96,49.1,49.01,0
48.26,46.34,47.16,48.3,47.48,51.74,53.66,44.39,56.53,53.74,1
50.19,52.0,49.81,50.97,47.11,49.81,48.0,45.77,47.83,46.67,1
49.79,50.98,52.49,51.88,52.57,50.21,49.02,46.41,51.29,50.89,1
54.29,50.79,55.03,56.03,53.74,45.71,49.2,44.43,43.37,48.06,0
52.71,50.36,49.4,49.61,51.23,47.29,49.62,42.19,44.22,44.33,0
49.12,49.47,40.56,42.14,45.44,50.88,50.52,47.9,48.01,47.56,1
52.13,49.94,49.67,48.17,48.88,47.87,50.05,45.25,44.24,46.0,1
48.83,51.63,39.59,43.5,46.52,51.17,48.37,48.05,50.43,49.05,0
50.81,52.84,48.6,48.04,50.03,49.19,47.14,48.81,49.37,47.54,0
52.78,52.22,55.53,53.46,53.76,47.22,47.7,46.79,47.42,47.92,0
50.09,52.94,50.84,49.36,49.99,49.91,47.06,48.04,47.73,48.63,1
50.48,50.94,49.43,48.61,50.23,49.52,49.04,49.46,50.18,50.02,1
45.51,48.59,48.74,46.24,47.88,54.49,51.15,47.53,46.95,49.1,0
46.78,50.85,51.17,48.41,51.5,53.22,46.51,49.94,50.73,46.57,1
51.85,50.27,45.88,52.69,53.2,48.15,49.67,48.67,48.44,48.46,0
49.93,45.03,42.53,42.16,43.24,50.07,54.68,44.17,40.29,48.86,1
47.17,49.16,47.2,46.6,47.2,52.83,51.18,50.09,48.88,49.42,0
52.46,52.24,56.28,53.96,52.2,47.54,47.25,49.48,47.75,47.95,1
48.86,49.07,47.01,47.47,50.52,51.14,50.93,45.22,46.88,49.38,0
51.48,50.65,48.16,47.5,48.54,48.52,49.33,44.62,49.0,48.5,0
49.98,48.51,50.87,48.17,49.23,50.02,51.44,51.64,49.05,52.41,0
48.99,47.66,44.01,48.77,49.71,51.01,52.33,50.54,50.34,49.24,0
46.92,50.26,48.61,50.72,51.23,53.08,49.73,53.11,51.29,50.89,1
51.98,53.04,46.14,44.72,47.89,48.02,46.96,48.42,48.83,48.88,1
48.6,51.59,53.86,51.12,50.73,51.4,48.39,53.11,50.37,50.54,0
50.43,47.34,50.22,50.04,50.39,49.57,52.64,51.6,50.78,51.94,0
53.92,51.35,48.28,49.72,53.18,46.08,48.65,47.34,48.37,49.61,1
49.13,49.39,45.43,45.38,48.14,50.87,50.6,50.0,49.81,51.04,0
48.72,52.46,47.38,53.91,50.63,51.28,47.54,49.67,50.0,50.62,0
45.83,50.6,45.5,47.94,46.94,54.17,49.32,48.53,48.36,49.36,0
51.16,50.35,52.06,48.93,48.52,48.84,49.65,48.74,46.36,48.56,1
56.41,55.07,63.77,59.66,59.45,43.59,44.91,45.7,42.86,47.59,0
47.52,47.9,50.15,49.75,51.1,52.48,52.08,55.72,52.81,51.42,0
47.92,46.51,47.24,46.72,49.53,52.08,53.48,50.36,47.62,49.68,1
52.47,48.41,52.07,50.39,49.91,47.53,51.59,43.19,49.2,45.7,1
49.7,50.9,45.04,50.14,47.06,50.3,49.1,55.48,51.51,51.93,0
48.97,49.68,54.32,51.18,50.74,51.03,50.3,50.05,48.23,52.55,0
39.32,47.64,45.67,45.07,47.51,60.68,52.36,64.34,61.78,58.33,1
51.38,46.79,43.31,39.62,44.33,48.62,53.24,42.88,47.57,49.31,0
50.79,45.83,49.74,48.7,49.98,49.21,54.15,48.44,48.48,45.68,1
61.39,56.34,66.94,67.1,60.83,38.61,43.65,44.39,46.09,45.82,1
54.97,54.31,54.59,55.27,60.43,45.03,45.69,45.84,48.14,50.04,1
49.46,46.87,44.45,46.51,45.67,50.54,53.12,50.48,51.5,50.72,1
49.8,49.23,47.2,45.65,46.66,50.2,50.77,49.16,46.68,46.45,1
46.92,47.57,52.4,49.25,46.65,53.08,52.41,53.7,50.43,49.64,1
53.3,55.21,50.23,45.65,50.62,46.7,44.78,46.38,42.32,45.89,1
48.63,51.06,47.28,44.77,48.29,51.37,46.97,51.08,52.46,51.95,1
48.48,53.48,51.3,51.58,53.92,51.52,46.52,48.05,49.92,47.64,1
49.12,49.96,50.55,52.68,51.72,50.88,49.74,44.05,47.61,49.23,0
48.5,48.21,49.94,51.03,48.18,51.5,51.8,55.62,54.24,51.46,0
47.21,50.21,53.98,50.73,49.58,52.79,49.72,52.5,52.22,52.28,1
49.26,51.04,51.39,52.82,52.54,50.74,48.96,55.45,51.04,51.54,1
49.67,49.65,46.61,43.13,46.39,50.33,50.35,50.48,52.79,51.69,0
48.62,48.97,59.73,54.27,52.25,51.38,51.03,53.62,49.37,50.35,0
50.63,50.33,52.47,52.81,49.78,49.37,49.66,48.08,47.51,48.81,0
50.51,47.45,51.89,52.32,53.15,49.49,51.83,51.75,54.43,52.01,0
49.68,49.76,50.83,44.75,52.04,50.32,49.96,50.61,47.75,48.56,1
55.8,55.35,53.98,55.22,52.49,44.2,44.64,50.62,47.46,46.68,0
48.34,48.93,44.49,48.59,50.39,51.66,51.07,52.57,51.23,51.86,0
50.4,53.29,52.36,52.74,46.87,49.6,46.47,40.66,46.61,48.03,0
48.3,54.52,43.13,46.91,46.87,51.7,45.45,47.91,46.48,50.52,1
48.49,45.43,46.89,43.69,47.52,51.51,55.81,47.88,44.69,51.94,0
46.93,46.85,41.89,43.09,48.76,53.07,52.74,43.09,40.12,48.32,1
48.3,44.27,51.28,45.41,45.8,51.7,55.73,61.35,56.59,54.75,1
48.83,49.01,47.91,49.78,53.97,51.17,50.93,45.87,50.33,51.31,0
49.03,46.34,55.47,50.54,47.38,50.97,52.75,45.65,47.16,48.33,1
44.85,46.88,42.56,46.75,47.51,55.15,53.1,53.87,51.87,50.75,1
47.18,50.03,49.0,48.9,47.55,52.82,50.27,48.24,54.16,52.44,1
45.91,44.81,41.98,41.68,44.91,54.09,55.19,58.24,54.02,53.73,0
48.89,53.56,43.58,45.3,46.29,51.11,46.12,46.72,45.63,52.49,1
48.75,50.13,45.8,46.91,50.21,51.25,49.85,46.37,47.5,48.09,1
47.79,51.82,45.91,46.4,47.61,52.21,48.17,51.25,51.39,49.4,1
46.15,47.64,52.64,49.04,49.53,53.85,52.33,51.31,48.62,57.37,1
46.64,53.07,46.5,47.92,48.84,53.36,46.92,55.44,61.13,55.03,0
49.7,54.36,58.87,47.54,50.03,50.3,46.2,43.72,49.73,49.71,0
54.31,47.93,46.19,45.54,48.23,45.69,52.04,41.61,48.45,45.73,1
52.43,52.92,52.61,49.84,48.74,47.57,47.08,50.56,51.38,49.78,1
48.47,47.39,42.58,44.94,44.19,51.53,52.55,52.84,51.46,50.31,1
50.7,48.63,49.85,46.1,45.14,49.3,51.3,48.88,50.72,50.76,0
52.53,51.13,52.08,51.62,51.05,47.47,48.82,46.64,46.55,48.42,1
49.04,49.22,53.02,53.32,50.93,50.96,50.76,54.74,54.19,52.84,0
50.39,51.23,46.81,49.18,49.02,49.61,48.76,46.46,49.58,48.42,0
45.8,48.13,45.88,47.18,46.38,54.2,51.85,48.27,47.8,48.34,1
52.09,49.83,55.08,53.04,51.07,47.91,50.15,38.98,40.19,43.48,1
49.0,48.55,53.1,53.97,50.15,51.0,51.41,49.71,52.07,50.42,1
51.16,52.06,54.51,57.2,52.19,48.84,47.85,48.02,49.18,48.53,0
50.49,54.87,47.53,48.59,49.47,49.51,45.13,48.75,46.9,45.25,0
50.45,48.97,46.26,47.98,48.64,49.55,51.03,46.63,47.66,46.9,1
54.73,53.6,44.77,51.12,51.16,45.27,46.4,44.76,46.73,46.77,0
51.28,49.56,50.27,50.26,48.36,48.72,50.44,49.17,48.85,49.03,0
48.0,47.53,47.25,50.84,52.78,52.0,52.47,57.39,53.94,52.56,1
46.01,47.31,50.11,48.27,48.4,53.99,52.69,54.01,53.93,54.07,1
49.43,50.4,50.11,49.5,48.65,50.57,49.54,47.21,49.13,49.24,0
48.25,48.34,45.62,46.3,45.49,51.75,51.64,48.73,50.92,48.73,0
57.02,53.22,55.19,54.81,53.8,42.98,46.76,49.33,49.84,47.5,1
48.75,49.6,49.87,47.4,48.87,51.25,50.36,49.56,51.03,51.7,0
46.65,44.85,47.08,46.45,50.46,53.35,55.54,50.23,53.25,48.65,0
48.59,49.21,48.77,49.75,48.7,51.41,50.79,51.17,51.04,52.66,0
49.26,51.92,45.99,46.36,47.96,50.74,48.06,60.05,55.4,55.66,0
48.89,50.38,44.71,41.93,47.6,51.11,49.59,51.3,53.33,51.44,1
51.77,50.9,53.13,53.84,53.63,48.23,49.1,50.23,50.71,51.23,0
53.14,54.01,55.29,54.1,51.27,46.86,45.97,46.92,45.53,46.35,1
48.38,51.36,47.21,49.04,47.62,51.62,48.56,51.54,49.81,49.55,0
53.6,52.28,47.51,47.57,47.93,46.4,47.7,42.98,43.36,42.96,0
51.94,52.2,55.51,50.83,50.11,48.06,47.79,43.54,45.92,46.37,1
45.1,53.74,52.83,49.33,51.36,54.9,46.26,51.87,53.01,51.53,0
50.36,54.37,51.66,50.66,51.46,49.64,45.23,48.89,48.3,47.38,1
47.77,46.09,46.35,54.22,49.6,52.23,54.27,49.74,45.55,49.43,0
50.96,47.45,45.68,50.59,49.52,49.04,52.55,43.97,49.79,50.02,1
50.51,47.45,51.89,52.32,53.15,49.49,51.83,51.75,54.43,52.01,1
51.44,53.68,55.5,54.71,51.66,48.56,45.62,51.65,51.37,47.19,0
47.95,49.1,42.54,46.85,46.51,52.05,50.89,46.58,50.08,50.22,1
49.28,49.71,48.12,51.07,52.39,50.72,50.28,48.59,50.64,51.08,0
51.28,49.34,51.82,50.47,49.76,48.72,50.63,52.62,53.3,53.69,0
48.2,50.54,48.77,52.16,51.69,51.8,49.42,47.45,49.71,50.19,1
46.2,51.17,42.4,46.02,47.28,53.8,48.83,51.48,50.25,52.6,1
51.05,53.91,53.97,46.92,52.39,48.95,46.08,41.67,50.03,50.72,0
52.78,50.04,49.31,49.78,49.08,47.22,49.96,41.91,46.83,47.99,1
51.1,49.21,52.54,51.17,46.76,48.9,50.75,46.62,44.6,46.42,1
53.83,50.64,53.69,51.98,49.78,46.17,49.36,44.17,44.25,44.72,1
45.34,45.31,49.8,52.14,50.75,54.66,54.69,52.47,55.38,52.47,0
48.73,51.13,48.41,47.64,47.8,51.27,48.86,54.03,52.45,52.51,1
51.44,51.15,52.95,55.29,50.92,48.56,48.22,52.49,51.61,50.68,0
48.12,43.44,48.04,53.22,48.78,51.88,56.13,51.44,55.56,51.99,0
53.74,48.21,54.43,53.64,52.96,46.26,51.79,48.29,47.69,48.47,1
47.47,46.91,47.06,45.48,45.12,52.53,53.09,48.13,50.48,50.01,1
53.61,49.32,55.67,51.82,51.21,46.39,50.67,48.89,50.18,48.33,1
49.77,47.37,51.71,49.62,48.27,50.23,52.62,46.38,49.45,51.52,0
50.64,50.32,53.1,53.14,53.96,49.36,49.68,50.35,46.93,49.92,0
49.22,51.56,39.76,42.83,41.52,50.78,48.43,41.88,42.54,45.84,1
46.77,51.52,42.1,44.81,49.1,53.23,48.44,47.79,47.98,50.62,1
49.0,50.18,48.6,50.22,51.11,51.0,49.8,45.7,52.06,52.12,0
50.25,55.76,47.36,47.4,48.42,49.75,44.22,51.98,45.15,48.84,0
53.12,50.5,47.59,47.2,47.54,46.88,49.08,46.17,40.58,44.72,1
48.66,45.7,48.44,47.24,47.21,51.34,54.29,54.67,49.05,52.05,1
47.23,49.22,48.18,45.35,48.3,52.77,50.78,52.81,54.82,52.34,0
50.6,47.92,46.16,49.55,49.16,49.4,52.06,54.51,51.39,51.68,1
51.05,55.87,46.92,50.86,50.6,48.95,44.13,45.06,47.48,46.05,1
53.19,50.85,55.05,56.26,54.27,46.81,49.15,48.64,49.03,49.9,0
53.68,50.56,56.02,53.91,56.89,46.32,49.42,54.5,52.41,51.13,0
51.86,57.9,51.31,59.95,49.37,48.14,42.59,46.42,45.44,47.73,0
49.06,54.29,46.98,44.58,46.99,50.94,44.88,49.93,49.9,52.9,0
49.39,48.11,46.6,48.61,51.02,50.61,51.85,53.62,50.46,51.1,0
52.62,43.26,46.86,46.04,45.61,47.38,56.74,45.3,43.18,46.7,0
48.22,47.34,50.88,50.61,50.03,51.78,52.66,47.29,47.45,47.23,1
44.93,46.73,41.77,41.55,45.53,55.07,53.23,56.81,58.03,55.6,1
48.12,49.16,43.2,47.41,48.12,51.88,50.83,56.45,51.64,50.44,0
49.43,47.53,49.6,52.54,51.91,50.57,52.47,55.43,51.06,50.97,0
48.58,51.02,50.02,50.47,52.45,51.42,48.93,49.79,50.33,50.97,1
52.81,50.65,52.87,55.54,53.63,47.19,49.35,39.33,46.71,46.74,1
53.58,48.42,56.65,59.09,54.29,46.42,51.58,43.04,47.43,49.21,1
52.11,49.21,49.53,49.95,48.57,47.89,50.74,47.87,51.73,50.99,0
52.09,56.93,46.64,45.49,47.96,47.91,43.06,42.19,44.29,47.26,0
51.16,46.58,47.16,48.97,50.88,48.84,53.4,51.59,51.19,50.27,0
52.61,50.68,53.19,53.17,49.87,47.39,49.32,51.54,52.26,50.9,1
54.15,59.2,51.93,54.96,53.41,45.85,41.92,38.34,36.16,44.71,0
49.15,50.67,51.85,49.55,50.93,50.85,49.29,51.31,50.56,50.04,1
47.87,47.69,47.8,47.6,48.38,52.13,52.26,54.61,50.76,50.69,0
53.27,50.65,55.37,53.33,55.03,46.73,49.34,45.46,48.51,47.42,0
50.87,52.07,55.22,54.08,52.51,49.13,47.93,49.3,48.48,49.42,1
50.44,49.37,51.5,49.55,48.13,49.56,50.62,52.77,53.63,50.09,0
46.2,50.95,36.25,38.62,39.48,53.8,49.05,53.81,50.63,48.37,0
51.09,50.87,53.44,53.01,51.43,48.91,49.09,51.41,51.7,49.68,1
51.3,52.21,50.44,53.75,47.57,48.7,47.78,46.58,47.56,46.72,0
46.91,50.63,44.84,45.05,48.05,53.09,49.33,51.67,48.96,47.24,1
47.58,50.66,47.11,47.9,47.37,52.42,49.34,48.37,53.04,47.93,1
49.33,46.31,50.12,49.9,51.61,50.67,53.69,47.58,48.31,51.78,0
49.38,48.2,47.24,48.83,49.91,50.62,51.8,51.07,49.15,50.59,0
50.91,52.63,49.52,58.22,46.66,49.09,47.37,50.84,51.77,49.23,0
51.09,52.45,48.09,43.88,46.99,48.91,47.51,47.67,47.86,47.04,0
49.06,50.88,46.2,45.75,47.04,50.94,49.12,47.15,48.82,48.49,0
51.05,49.99,52.92,53.1,52.16,48.95,49.94,41.87,45.24,47.26,1
50.54,45.37,55.93,55.95,49.9,49.46,55.35,44.67,48.61,53.93,0
48.68,48.62,50.85,54.57,51.8,51.32,51.38,58.61,56.88,54.14,0
51.98,56.38,49.76,49.87,48.34,48.02,44.4,38.81,44.66,45.26,1
50.67,49.01,52.12,53.77,51.14,49.33,50.98,56.29,55.35,52.1,0
48.92,50.5,48.13,47.14,48.82,51.08,49.5,50.32,50.21,45.84,0
56.02,47.98,45.46,42.16,48.85,43.98,51.99,45.49,43.65,49.05,1
49.57,52.3,51.53,53.62,53.25,50.43,47.7,50.16,49.88,51.02,1
47.63,49.71,49.32,47.88,51.79,52.37,50.27,49.8,54.26,51.85,1
51.51,49.33,52.76,50.9,49.72,48.49,50.66,45.05,47.08,47.55,0
48.4,48.52,50.32,48.3,47.89,51.6,51.4,50.53,49.78,49.85,0
54.88,51.28,52.54,52.95,50.33,45.12,48.72,53.65,50.77,52.01,0
51.2,51.43,43.0,46.87,48.99,48.8,48.54,51.75,50.82,53.18,0
49.71,50.25,51.09,47.04,48.36,50.29,49.72,46.39,47.02,47.43,0
51.49,51.84,53.65,49.74,51.26,48.51,48.1,52.59,52.33,50.97,0
50.37,52.4,51.56,53.81,54.32,49.63,47.59,51.64,49.37,51.33,1
48.65,49.17,41.45,46.85,47.29,51.35,50.81,53.09,53.89,52.39,1
50.6,51.26,50.5,50.74,53.28,49.4,48.74,48.77,46.3,48.5,0
49.04,50.28,53.26,49.25,52.79,50.96,50.07,56.68,50.26,51.21,0
52.46,52.54,45.33,44.0,47.05,47.54,46.89,48.44,49.02,48.9,0
50.72,49.93,54.87,49.63,51.64,49.28,50.06,48.27,53.07,52.41,1
50.3,50.97,47.48,48.58,47.77,49.7,49.03,45.26,45.23,47.27,1
49.77,50.54,48.0,49.43,49.82,50.23,49.44,49.09,48.37,50.25,1
50.21,49.83,46.53,45.44,50.59,49.79,50.09,46.71,46.68,47.72,1
51.02,51.95,56.89,56.14,52.53,48.98,48.05,48.69,43.75,45.44,1
54.3,51.21,48.19,51.8,50.82,45.7,48.76,41.16,43.74,45.1,1
47.26,49.92,47.54,47.27,48.25,52.74,50.07,53.11,52.24,51.39,1
51.57,50.37,54.21,53.3,50.3,48.43,49.6,49.79,51.21,49.07,1
51.5,53.11,54.97,54.99,57.68,48.5,46.88,56.98,53.44,53.84,1
51.49,49.98,49.74,49.05,49.48,48.51,50.02,46.66,49.49,50.9,1
