rad_conter,rad_long_conter,short_rad_synergy,middle_rad_synergy,long_rad_synergy,rad_win
48.52523562744828,49.592597407896285,45.90423404691582,46.28285337588853,46.66645061998953,0
51.97150566372992,50.33882939024286,56.58637205662378,56.720332819664186,52.05318831946384,0
50.51314457320627,50.70128904661949,50.29986036871674,50.03492835533707,50.99348696585801,1
55.92195773676186,54.9007082647786,52.591186273294156,52.25890710740472,52.01554141449698,0
49.10268622184748,47.961283462726335,47.32224733563598,48.406313875583145,49.56360201648701,0
51.78786862162666,48.7253031628046,48.38750367184723,45.3900541278392,44.28354112831174,0
45.71247419611177,45.60160374397738,45.3222617611247,44.237511622703465,44.28958715884857,0
52.29814117985745,49.62570187479841,51.838786814378565,57.5027279575243,52.40197331948665,0
50.74182315182474,50.77803843688569,45.61409935094146,50.276655135000624,53.54244781021376,1
49.717275017980754,49.03108594365987,47.59896019725759,51.352434975892805,49.057272275783234,1
52.28102823027447,49.24989767697427,53.474518588275046,53.87639396894413,51.5441796181047,0
52.42234193720081,51.08839188865755,55.94016855201065,55.785964835559994,50.28676882774443,1
51.6208139186727,49.39363006263853,51.09727000082531,47.11723027151863,48.9615731183122,0
50.84119782404486,50.049008553984365,46.62103891005284,49.54987996765915,50.24026767490773,0
47.868667537630536,47.658875183942364,48.27284945704838,45.258370995429416,46.09650181403133,0
48.038305955884,51.23373246904856,35.577989731361654,40.76511391354947,45.741893038577174,0
50.38542550007692,48.66721893057537,53.52520262777263,52.159218077959125,50.38557909931831,1
45.873576419307156,48.963090246102816,50.047616615736004,49.02006316693096,51.85268937498881,0
50.07103070316118,53.09804618783526,48.905113437539136,50.161989282710515,52.842101123594155,1
52.21151162846327,48.085532665266925,51.721056951960634,54.05592396515253,50.26839843554889,1
47.23053783463726,48.63330990656847,49.10267981344194,50.43981192227498,49.19821497525162,0
51.15863922054429,53.113182750652776,54.149841546974045,54.46689028456297,52.286906420639134,1
47.72277381182771,48.64225826927086,44.01193203792756,42.52648858525573,45.29112953180395,1
50.72765902827946,48.299873378139914,47.35122424542714,51.018222829305195,48.34185348329078,1
46.44015418735973,48.60434492792122,42.809343434343425,44.455419265872344,46.4661558025561,1
46.030074542314146,46.33727693994002,59.76694049353931,53.63765165288028,53.102073597305356,0
52.8079809477384,49.2598008090482,47.505509481678665,47.6835949921217,47.480132923602056,1
49.856745940140996,51.858819232142075,53.178660304667666,51.2493539994179,50.96008016086332,0
51.39135487306502,49.056120753667585,46.918049837076055,47.15732504582101,46.698013786597784,1
48.383667645436326,47.75348545710255,43.47897193138593,44.418877238808875,46.31909370431743,0
50.40251719399807,51.32297236526444,43.729077623199494,45.11011128166969,50.0903106807209,1
44.61913040585115,42.94546918045737,51.13083946315653,47.583492895992876,53.02680958226416,0
50.749725006333044,48.69085038873996,49.95573292556517,49.5027020126588,50.47657435417905,1
50.012063252708884,45.39381128268804,54.141159484857106,53.71359650640001,50.306532418800906,0
52.51200975710335,48.53275437096879,55.939757041451934,49.46381031430516,51.68303748489602,1
50.89141862499612,50.507969754118264,50.19505024706058,51.05014197193742,52.3855650689273,1
51.415301345868535,51.253158581582404,55.14195565586576,56.949204587420546,52.244228822589065,1
50.709863691585696,49.56143313891994,49.54165715454968,47.79120862622535,47.52509488611501,1
48.24976433941078,51.26304375821707,43.63413918303666,44.49990184305075,45.022174770205595,0
48.62668188413951,49.06826390214151,42.705437230617456,46.10696289933459,47.99626049107194,1
50.96821257225888,48.57791103347272,52.900871873229924,51.011435128647655,50.61987058620622,1
50.018451777696626,50.34317243001388,47.82427861074968,48.96610700032878,49.01558339221529,1
52.04016967381122,47.4009074232122,49.00864607508909,48.36297065470795,48.933543060743006,0
54.150772257204736,49.481780237223134,50.353620536889366,50.10893581158873,58.0518568723407,0
46.49914165170325,49.58193114055723,43.919936832783776,44.61986884391044,46.917191852698615,0
52.847368031076435,51.74450071019402,52.565079664344374,60.20445267973303,54.9168229079274,1
49.211499010454986,47.52254274723943,47.096415964837014,48.33291498983144,48.323739031426705,0
48.506412519971896,50.48780553806576,53.736507200323004,49.56108234131875,47.902736116011845,1
47.63681313483513,49.9694086281785,47.1125086702903,51.744721487381575,51.583717205630464,1
49.03987150679585,49.889879893521865,51.16687781925571,50.864567300168574,50.05326173855706,0
48.48639798803235,49.192081332667804,53.029452573116245,54.353219767746396,49.41382182019247,0
47.69560584591834,50.01882184837279,53.96194546194548,56.30111451842197,55.46124962506379,1
49.474386557312386,50.37373457207125,50.93800166688746,49.96603400776238,52.00065510580838,1
48.63455580624662,49.946923737463706,42.4932828085002,47.37819380281948,51.86417826148958,1
44.71059335120282,48.988836846136046,47.47307746044264,45.61376739183663,48.22111385683655,1
48.524288545951514,48.75529038285265,48.288690476190474,49.761499138434715,52.027719481759185,1
48.7823207855574,48.01320483686335,47.409587060630706,47.483405055909174,47.49098539465823,0
55.99388340640563,50.79994733425944,68.38544372294373,60.75284496625126,57.2374843320947,0
47.840252896048206,48.2733984382954,49.241593098966504,49.34412661336494,50.66645163233975,1
48.891735169891106,51.805629381629245,52.88632007290095,51.89056335880119,51.49302757413155,0
44.107672979710806,49.33267689966215,52.47701093356581,54.05454472816914,53.66352192856917,0
52.717266039808266,45.32521895753271,47.15737020352159,49.06794002427252,49.93711946503539,0
50.51927616914769,49.58783585918313,50.38780077371767,46.90082363705728,47.26569036454896,1
45.94282294342461,48.60798656039276,51.28789876134133,51.02459242573827,53.52869225512643,0
50.54978611437069,50.265245457173144,59.15441653055403,53.22631057460011,51.89380966133152,1
55.17608815865906,53.054383088964094,49.14691768180141,50.412191949180475,52.230836296347306,1
54.199078743576464,54.22275726701331,46.913945771934635,45.459356681782616,46.33797804590423,1
48.80570900790627,51.69600216392668,51.78993459177791,50.31953685979724,49.72577189142587,1
59.675458909155545,54.592888152705065,51.693036263244174,54.65604211997817,53.898784414098444,1
55.092003151664784,52.33272540529838,54.490122381875736,51.64385579807394,51.155164008541746,0
50.05109476860279,49.3864909348422,48.46742161100966,47.656306786922954,49.21501777079877,1
50.82512261152195,50.726051830704954,53.021028595817356,54.731618173333565,52.619518951486086,1
50.16817731421621,46.62488239342542,49.176518706013084,50.249843037518716,50.14706553247677,1
52.70591443185315,52.454687386268894,53.68431990613489,48.9009362846116,49.08511830542504,1
48.32488374470813,49.0518667419406,57.85709007085279,54.52379610534177,52.806090597924126,0
48.74651930087172,50.329716313766696,52.86519984337822,49.09319539319538,49.90297132758445,0
50.26076811972563,51.57373328238008,49.9476774322169,50.88324477435042,49.1019823264675,1
48.303792760491966,46.4167371769492,47.593899776710884,44.6651515042589,47.287098767417476,1
50.91181929960624,52.120154491800506,45.42353578911715,46.20178317423547,47.553396390709736,1
48.67338920067453,49.696781143898995,55.3913205398244,51.33554249982822,47.97808752129193,1
50.358843503217464,49.96479990438571,53.8387732197256,56.43756699209922,53.28462036122683,0
50.575215703245455,50.032921062794614,47.799432149767966,52.84566785976439,48.836808910000315,1
46.63884537175754,52.45524261858845,53.0592286529439,52.39690343073801,51.0455699871208,1
54.88695599063789,51.84839682031781,46.86735709542873,52.562796807893285,50.62507195721342,1
48.28176442527017,49.34363671300618,51.991803416222005,52.32455370655396,53.3589358745011,1
49.23855543946439,48.874891787576566,49.18430778207263,46.91452658740465,46.73770188877575,0
49.606529900266295,48.8682237266843,47.68419080919081,51.02544893540729,49.524148373032766,1
51.06909304432533,50.68108031237459,52.09789722744823,51.569342806224164,49.57433053525774,1
49.94788925087262,50.209845785559146,43.833024240017,41.97776452015168,42.03839057920421,1
51.41945516396722,50.27744288642537,50.06306485911749,53.13106199923027,53.96378203241813,0
48.41989449321029,51.838969120555355,45.327890662796314,44.91002404176453,47.67283615415594,0
47.87499055486741,48.6519238131788,43.086811459676724,51.121576293149815,45.685733253929435,1
51.682785101607095,50.20431140623652,52.24254095577626,58.37229094341163,54.15823074266516,0
49.61313708499285,50.45779833469044,45.014063915657694,51.31468237778548,50.27377337110952,1
51.00784815948004,49.666850661996754,47.50015553067065,51.5597130652229,50.373034215073154,0
51.30815659683302,47.16256627685,51.514149433842874,50.73512095938568,47.426367135666965,0
50.158504512445035,49.91795416800181,52.52685878307584,52.00424022319486,48.23021571075561,1
53.145787487631004,51.94940212984017,47.557305228904056,43.792346165138234,46.89243649079312,0
50.37573831529817,49.64871670345003,45.96546471480328,47.39505244178036,48.07351460478188,0
48.895334228329695,50.111648127883136,41.75839856596254,54.76300782387737,54.6278175478805,0
46.201543631459266,46.97310259640485,50.71104381708971,48.187116545151284,48.41593078505815,1
50.31751644896133,49.050370546304194,51.2472242294233,49.97247676468016,46.83683730356922,1
49.78429157381042,48.88672423296004,43.04180485387084,45.12259209597583,48.04313967548938,0
44.9191715613053,46.917216960656845,40.77924772831395,41.92883543227084,42.97140945022949,0
50.48156485135045,51.73504976253843,52.649761215547144,54.99502249483888,51.18362322074345,1
47.2192080969335,49.23756872969679,45.633870580526725,44.74522189233932,43.03505721335121,1
51.26229312268684,49.81975502669334,45.420307682840765,51.822958017443966,50.42498560282925,0
47.222935094089706,49.29062754648822,46.36732551103584,45.203095466663726,45.863041057813746,0
51.06235344586176,51.70883972417679,51.84234554353399,50.93227388697018,52.921597130417844,0
48.86063640527251,52.5509102861377,47.022139299170185,42.87006449881212,47.12114772807879,1
51.53427083634534,50.13053240497361,50.348092453355605,50.8501371290418,52.01973711254764,1
48.09575017924029,49.748741105299146,51.44606782106782,53.27742602729562,47.62235657069706,0
44.907116786914465,47.922905047477386,49.984830695991874,48.97552166696848,46.89827459960855,0
49.93884464502707,48.011513325504914,44.72299835133797,48.613800443760816,49.87658720294046,0
48.0263627894211,50.501249221134195,48.143787692997115,49.44436888924269,47.58905924235171,0
47.49554906609285,48.182931050120935,51.2192114243897,52.028577647820605,51.409400984451715,0
47.856247541579016,46.530174158044915,43.534529075577204,47.29251191846026,48.092805861477586,1
51.48139642610057,51.0433345758163,53.509653677402156,55.813009177566144,52.54443673291117,0
50.908710833782344,48.77302301835288,50.838595987935,48.06581497548297,48.72282976748898,0
49.23782416268983,49.94558672636161,50.7364721278034,53.0826472529788,49.070198234776505,0
48.670085362883434,50.048842186738206,54.37644229822594,52.69366761592347,50.95774715763729,1
58.40435175919281,54.2433315549966,64.40977459359813,65.7706604287142,60.321124576351814,1
50.67619436632322,49.70295450505981,57.612715389185965,54.524792805187,49.139239680585156,0
49.1105587257739,50.539167886234836,56.35243382071433,52.88636757923773,53.43492221007329,0
52.321029135479826,52.87646150303489,56.09611364758934,51.308796165629644,51.611419495208324,0
49.30258066872473,49.62772693316964,49.88067836164879,52.138201841491764,51.32665408266015,1
53.002193932468025,51.728049948455876,57.78301408282612,55.74488285612895,54.50617647892607,1
50.426605889071006,53.62877840514611,50.70466420135975,45.81063567660396,47.915569713519744,1
52.47350339154444,51.17208936924891,48.959275660768206,48.529371114266326,49.56753744147296,1
53.05796697181749,50.954038717325375,51.10372380521634,54.23803528402465,50.547979664068535,1
48.34809733850206,46.437202664725106,45.52732125280462,52.74696271885754,51.958807626442805,0
49.90213089678345,51.555489576310386,44.560044852777146,48.2440741634348,51.22756658822397,1
46.93195363541389,50.83562656306877,40.461086457120906,40.70617448384356,44.38334097930219,1
53.263499221379384,50.16039943424347,48.74384738880537,49.51304426370354,52.139177554252015,1
49.91305738838662,50.311365595988256,48.131165265912585,50.53109867712997,51.9744498390222,0
48.6410464269651,49.232324982978795,50.249300432595646,43.00993607433722,49.04135022296809,1
51.1857893045183,50.32176720403061,51.919752759518786,49.282079801893666,50.25793967548099,1
50.4071020984916,51.41078965006317,53.52923481593243,51.065542171650556,51.765464777574444,1
48.949465518201954,51.660315728926896,44.459846907797726,47.66784246830316,49.153080465409346,1
50.500170298070735,48.947448852168264,45.38736541024871,51.1373903978549,53.71208639297556,0
48.37026669408108,50.11360995123675,48.480428068663365,46.852988055437365,50.43786976923948,0
49.475309872189115,50.116595826100486,43.388169549702916,45.913507649539795,48.214165694852525,1
48.76971508375843,48.505258292654325,51.96679191043639,50.51640453990458,48.973282914069,1
51.921605143126435,51.08285397319668,56.24620060790273,47.14342419283086,47.27361349935989,0
51.812300908365536,51.768829870414066,46.21636397331357,46.849633013539396,50.281063661655324,0
49.97666927011892,49.671912417561046,51.790092874658896,49.65036043562363,49.121683913413484,0
51.969721835570226,52.433598221546006,51.48705802857474,50.27495469760257,48.666165171293976,1
51.06896236462681,54.55621158517049,50.02775546809679,51.132632638417576,50.60404086191181,1
46.83993419674389,48.22259611437031,43.313734100899595,41.91163377567831,44.00614476918386,0
51.04682776842926,50.731771987919394,54.24642652186421,52.23895470171694,50.589519838077,0
51.54859537097879,48.329961663501074,50.33273368846689,48.97270617015262,46.75358355307607,0
54.11906844472602,48.98897039097971,56.78898846442706,54.328180391114,52.37583149950286,1
52.497590937413264,53.91289805452531,47.49999999999999,53.351873310401935,50.340482599530056,1
50.19829102877238,52.10630343857685,47.015124994234576,45.95890098894363,48.817751457890246,1
49.34846167419668,49.58213590199231,47.17903743529921,47.231701078955375,48.41536117176134,0
49.629984927434776,49.40492576252014,49.83075121919401,49.13803816449902,47.851549540594704,0
53.53357373099179,51.546316675220915,53.33126448467358,54.13288691735158,52.59108262828514,1
47.9213011761133,48.55756640531272,52.286722787455595,45.99032810638555,48.986591002910465,1
53.38221825565327,49.61226343658199,49.88940908472734,47.10626093268196,47.557128410991,1
52.57658719192953,52.16581213308735,47.53861185091735,49.443999589962026,51.618622087714925,1
48.71492981218532,49.5864276033134,45.79683847080753,50.41630415013321,50.315250866976456,0
48.11433128485205,49.32952170331239,50.461661615532236,50.44504741545046,53.982490036867624,0
50.72856331392235,47.00374868741559,44.31450889421905,48.96625834886723,49.95414365168793,0
47.15095755222403,53.01613851937195,58.52640993265995,53.57607207607208,52.58432713470601,1
51.22084071260643,54.46447300244947,64.74386653975091,56.63399778326248,59.220884011178555,0
51.74536122449271,50.54454246078859,46.966026931584864,52.44544572652764,51.15181017714371,0
51.40920057105212,51.75839387120362,54.49089815151294,49.7422466012346,52.45231935334156,1
50.041126828480046,50.627012915921746,45.795129531714906,50.11436697504055,49.552579655911735,0
53.66172359872638,52.263816489123485,48.20863941144643,48.775569992244364,46.99875735359391,0
48.59312631097487,48.34511092045478,49.5370798460121,49.90302977258847,47.04616851668323,0
51.708377709369394,51.75072066054497,56.54942486065151,52.493188728482856,49.776630559606645,1
48.97294654590933,50.37712390769823,51.96345910034932,49.9469536417451,49.07636792893122,0
53.14190863389613,50.04563919388252,52.03751005524324,51.09951283897548,48.5712802314832,1
47.72087089353613,49.36625973187603,46.63915860934878,49.16888382116866,48.741624633893714,1
49.97047638678666,48.649654587832636,48.75784076591801,48.83479588068631,49.34333981729745,0
51.27867231253832,52.19323232585551,47.05670975553128,46.88295877642946,49.135249088529626,1
50.555399003619016,49.60377796502161,47.64960452094103,51.05713223213042,49.839509905908415,1
47.27956995053352,49.4427034575192,49.72065894909672,48.74052015273354,51.0631545793507,0
50.37186982614343,51.30706222483242,54.6173219159261,54.582722832722844,53.36147634059248,1
44.30698382436623,47.74013692067165,43.58121449396985,47.17110740960545,48.56945042106621,0
53.686669850274725,49.914372094846605,50.944827234384995,51.429377686781585,49.48364117951658,0
49.159082664022485,50.27799391562095,49.56336762789891,52.03197878597665,51.49720033538736,0
49.49541494770361,50.875626950774745,52.29050298702731,49.83927771317217,46.56441643979175,1
47.83720616198801,48.69850281334509,50.085963568357364,50.24130636245798,50.17141885831909,0
52.58984382397185,49.254559241925335,55.49828588910166,52.31620165548737,50.53620808203003,1
45.99357604488484,48.68237438416428,49.177960011139305,48.42482083146435,47.827828423732086,1
47.0799411378039,48.38046769267752,45.23639633102546,45.53253175608095,48.63292424910049,1
48.48757006307118,52.016675246407914,46.33977747876636,51.45787430319169,49.76660118916772,1
51.33876102710191,50.56746669580785,49.61505223704298,51.538334495629535,52.14825996791671,1
53.51285411629216,52.33924514075776,52.516500940436096,54.32929906489466,53.790179200650975,0
53.97404462441953,51.6196901576875,48.859740933735225,47.98250816115871,49.02759128764626,0
51.16717302610704,47.635297901462906,49.537993791073454,52.2419261987346,51.01380773653232,1
52.140316517491115,50.55613566015191,51.559013672057155,51.227829897550905,52.64467486134941,1
50.693389436440704,48.70981701109131,46.7592162682279,52.696945157134664,50.75161997533388,0
50.356960428618144,51.10766571065446,48.76995914612737,48.755911224566425,49.02914241903513,0
46.20772646276537,48.867246085444265,43.755032642963684,53.76221709467408,52.755264430458446,0
46.10860188799539,50.74463332410527,48.02861772522902,46.96339900774961,48.45421259804768,1
48.74104779417775,50.14375359288259,46.90108583479158,46.6396828822497,46.78029704452121,0
50.98360924376226,51.63920214594725,55.622676281216,46.14758091792133,50.88264559407454,1
48.98553871997169,47.71556668729101,48.99662736680991,41.727760583979055,43.19330384118046,0
50.65562452147376,51.62684685028789,53.850181802069805,53.404613127302206,51.569924644078846,1
49.053622273545976,47.26010255830914,46.614367134920336,48.36109584968761,45.25012245370675,1
50.55299008718702,49.538785318553145,51.62547252102422,48.21605848849052,46.87598062549029,1
52.90591304248634,50.080030582509714,52.93689818652874,50.5704025037404,53.6664165298687,0
48.90289814055399,48.92090588167268,44.325477366494596,48.256877478205595,50.5502256302797,0
48.0133593360797,49.10939524248123,48.88929766428522,50.15281811438814,50.88196806268609,0
50.24503441559362,50.84605598014987,39.98711484593837,42.4235674657029,42.59296396009315,0
53.3103967827791,51.64644880267063,49.06041000911486,44.20390875399227,45.65510474158545,1
49.10107617508136,48.53770891741518,51.41902279073849,50.2553709757141,49.41577946991336,1
45.7144575780735,50.758664679503596,49.1407029478458,48.182262105392816,49.78639531427637,1
50.61867267843352,52.753024691567894,39.382818543632204,47.044173320025585,50.38257836434814,1
52.12623283924087,49.59360710523818,40.98626992653413,46.53999291946428,46.858528059487284,0
51.11575616610544,47.37981983548275,50.73483379365731,52.46421075523639,51.051069708056005,1
49.27973958280213,50.826650347393,54.00199973565598,55.35232865273464,55.00062456389707,0
47.749367849729765,49.75703861921015,49.69944946520579,47.807739903472275,50.328016578224876,0
48.64558389189665,51.6818031782251,45.128727108815625,48.956719345038735,47.129618920059414,1
49.12902594908364,48.1287165660426,44.64540470404348,44.86351714620443,45.532720438706384,1
53.90088253301102,52.107037033192135,57.988355103591346,57.377650069071585,54.07145332335019,1
45.60488365340566,49.48914533411372,48.81297198057587,45.96833607007323,50.270499620758535,0
52.341223111241554,51.566341674162295,54.810955034580985,51.73540373183382,54.77328568402413,0
52.22130497218125,47.643220361158534,53.60068629423467,51.12757374653396,49.17232435182844,1
52.031122599551395,48.347658307416175,51.392532225789935,53.98120332928671,50.21710336561627,0
55.03921063754337,51.27060605158208,47.88771853146853,52.426390517044055,52.97837541142834,1
52.26134825838879,48.907546767619806,48.45307490699406,48.447578624083434,48.37196174737997,0
53.23091702975373,51.396668352236816,50.28756969494705,50.280280139334685,50.950689920350655,1
48.746672835051925,49.62461490134983,50.679716755799475,48.511750304100005,46.48374983953729,0
49.9448957567763,49.501013946582276,51.03168584094904,52.131888720840806,50.73886571431041,1
50.42283257670428,51.565398689780615,51.298327926629014,48.909699643651166,49.491137917119836,1
50.87706085182185,50.51974341566123,47.84980881691406,52.123939865242704,49.39701183937557,0
47.192739128388524,52.53999783465775,46.722999222999235,45.69202966056591,48.80222172470409,1
50.93517443191854,52.31566250149815,56.18105461569365,54.298748800199846,54.20785791126128,1
48.534145681232204,50.044219998253666,54.505799755799764,50.597314502963656,49.60762555259811,1
47.68498626021483,51.233859918123436,50.325692825692826,44.221227909397896,50.06261269264607,1
49.903357532293775,49.7836131874428,46.912822271056136,45.701971775857686,47.149895419781586,1
51.09131550494111,51.776228354303974,48.118060579267485,50.204001504151194,54.31375047817934,1
46.94767687962816,48.353601018777596,44.31381790252759,47.145499139431436,46.424036222803075,1
50.0382548470925,47.78618711504312,49.01453040804242,49.10770446451595,48.96198655974981,1
49.40553734711802,48.966576065372806,41.82840014547331,48.649947944355844,46.59519523695907,1
51.085793103001755,52.235651137178486,46.87118783993783,46.094631847532455,49.086529982525086,1
50.87916118720693,47.210750995122275,50.91695036960139,51.10884172405624,48.69981089533714,0
51.0974337805536,50.148771785712185,47.36032672664589,47.23646068315032,50.36161708505434,1
49.29760575209212,48.555535054215596,44.95804417941428,50.78044804469497,47.5491214724995,0
47.38075592235832,52.90717410805919,47.61005765416725,50.527091712201255,53.255822547195066,1
49.22037583784895,50.81294779733256,47.87104110986375,47.729865276632175,48.30550830871544,1
49.760029054960846,49.300962426037856,46.34794669535188,46.13523804314505,47.521122730993746,0
54.8365699229262,52.12819302227609,48.31913204171269,53.28148750920063,52.577559378398306,1
50.92850475415107,49.882905083560644,54.12392159113233,54.23217166188877,54.69038483555116,1
52.962669324893355,49.923764036997795,48.23805051234301,51.73441936196077,50.503874648582084,1
49.239724065018166,50.66143616738997,48.9533962414397,48.3619819207939,53.31084804111252,1
50.4928751487138,50.28318001435396,46.45444751327104,49.537232399164346,47.68812040600296,1
52.58012844782838,50.97849068686286,54.992499652560625,56.86030896218932,54.19904772472696,0
46.87730835687526,49.308151046266794,48.98544052684883,46.477913317700086,46.20650596099483,1
50.167673313183094,45.855558030254265,50.26945703963918,53.25286263477091,50.409086578526505,1
50.10970876356333,51.10701892451432,49.76440936405602,50.83572184353415,49.363204371798716,1
51.48830808973126,48.90409671245423,45.04183482687705,46.10506382291974,46.24418809000795,0
49.43926906197807,50.30716660167599,45.937517789377566,48.60967029318392,49.24857957050478,0
49.9508549185394,51.85456613288779,54.0141844946745,52.37988175808055,53.173289707359906,0
47.67890921193899,48.44986064129896,44.74580417391014,45.43895427798151,46.006266529419335,0
53.448469735036866,49.15784619043595,46.75081097392311,47.18659552893401,46.38545055365766,0
50.08895162374852,48.65003531879234,46.61291486291487,48.63392460562408,47.08025523915733,0
50.637955196547566,47.88464468849624,46.61343819577117,44.38958671551823,46.77100347869203,1
52.70590825488218,54.18160626682923,45.94690147387617,50.219656371950606,52.032008921369446,1
49.90530944541078,53.47664564116697,50.50719379987674,53.53262316201508,54.544990136304584,1
49.573062871783414,49.21888204468131,48.26291823231848,50.48405111927053,51.043266026619584,1
50.42997777133997,49.31064316034061,45.553786426851445,48.81375528836685,48.84781241655477,0
53.573967162955526,51.5470787920228,52.93959764350138,51.68645548576146,53.50567409126056,1
51.54329577245188,52.23867665939246,51.540170077581706,52.372315835702565,52.232203805780465,1
45.27859428831499,49.61545762139241,49.887656850835796,50.328340406228044,49.707874374261166,0
50.77192521561066,51.005889589530916,47.3256510318978,48.050225854791094,48.80239917190397,1
52.99008523659033,51.15466567204614,58.82650005100095,57.09502269948518,55.88883807157424,1
47.2808595112658,50.200407296775616,47.603540462884276,47.77904460914537,48.40343749556756,0
49.71663495212383,49.84336855108224,46.35846007217393,48.3784641100359,49.980007015898096,1
53.30605888661361,52.44628992225918,45.06479929099506,47.74658560993307,47.12421218743742,1
48.4425811243285,50.040382869185905,41.12451159951161,45.89102508911074,43.909703670619926,0
46.993893440260784,48.13583228143419,41.69768598152057,47.97264305907106,49.80922887036545,1
48.84743490844823,50.69356669625794,50.51290871519233,52.67325853579926,51.54675301847362,1
50.69214038640742,49.14896245809451,53.26623382486535,50.647032739979124,52.818225486800976,0
56.94150617627225,51.19275457408712,52.167006837682116,53.992360149832685,53.469568886475194,1
47.373029122280606,47.81659279720826,45.07742869875222,45.54767972219631,46.313148894958445,0
48.28874561528421,49.48943050786557,54.71988474802782,50.91809519808761,48.859237144025265,0
50.90984322307015,46.697393815304586,51.36912277321267,51.38610833307562,50.512060234822464,0
51.352167316819305,50.43524746199586,50.483057750604274,52.277187072871456,52.09283909038995,0
50.10683506184823,49.93481114704458,60.65791574597243,55.60386183948754,52.13839478579217,1
53.5581782666682,51.095126252090985,50.4755289283968,50.0593779519584,48.57434313072241,0
42.29584987664821,46.164089307104014,48.62304767999479,47.32351655365992,47.38043841640334,0
52.34510038848485,50.85833940339661,47.92138898774721,52.713106043603815,49.79379533227662,1
51.11233947110214,50.25509376062524,57.22152671593612,53.769729904407434,52.843435738903,0
52.67785685420876,48.02445817431563,46.278591384974355,46.09468507916327,45.65682218136599,1
51.667002577224295,47.141931988429185,40.052607891791936,42.24767408595931,51.47605643160341,1
52.17011433348944,51.19987555783019,48.19429131018565,49.42742743038613,50.934745076034105,1
54.20423878219391,51.661055325786656,55.07980593140911,58.363175466230444,56.995859200155486,0
55.62236582208795,51.465896820778454,48.74399499871198,51.16385723315163,53.83193888728112,1
52.744627723449454,51.893497225584106,43.01673960654385,45.72919937836389,45.82715020069902,1
51.704119441926636,51.294748348039654,48.48307953691126,45.20401649709934,47.41257714022117,0
45.242405115652254,48.878321374562596,41.758879805654,45.61250070098392,42.57063504688336,1
52.92175323366981,51.38216323007929,47.998935034483296,50.047966979707326,51.27311292717353,0
47.8178129657295,50.944903280543464,43.35045040136573,43.90966956348935,46.2446172117411,1
47.650889785139476,48.96129804249408,49.67214537330083,51.110838730094784,48.03010319695111,1
49.747528232048566,47.77295791648037,53.763560015400834,52.08775863277062,51.634607745573526,1
55.2352876116655,53.652705482580885,57.140134386907924,59.511503385498855,58.25558767884331,1
49.735197445330826,51.2474602905019,47.7503838466927,48.58957612125427,48.262658139276056,1
47.54901708806254,48.719571553192225,46.44186327910943,46.657503728387724,45.14320401463845,0
46.64876443628965,48.83537082854962,50.735499519159944,48.695907685751884,47.25175095123772,0
47.85653508929446,49.03674551014122,43.15017843160604,48.02436711883914,48.522212158453414,1
54.241334101648576,51.08651529797632,51.32915875442197,48.583362777912996,49.100537203840204,0
48.725745419014174,49.04880692232384,46.70876713062741,47.99352390528863,48.249025068891584,1
49.08453334169099,50.103357869482004,55.88185425685427,49.200664475630575,51.23372651476845,0
54.499190080494984,52.500570084114464,54.45396992008437,53.6132043473754,52.757066258613726,1
53.23069122422412,51.313793431562324,53.17834433846906,53.55670562486351,53.39105412720125,1
47.85894611970929,50.01647051400657,46.508856682769725,45.81260507098377,46.81138199123572,0
51.297301619742406,48.61898266353467,49.74611816276918,48.51558263671743,49.09782511011915,1
49.83925575787296,50.536928289564145,46.04596699025025,46.733176347462056,48.516418597762936,1
50.62801558331309,50.07940934173211,54.42740125381932,53.44784771490888,53.994868691276885,0
48.58690161893623,50.35856474523376,43.46285658785659,48.29169878916925,49.251449514197354,0
49.623951422812176,51.7694895278167,52.07207207207208,51.072761608595876,48.8965947391533,1
52.544060339558854,51.87287869700785,59.59227978925752,57.988350662079455,56.203215347211945,0
48.25615750580165,49.786211986110004,58.27332543169128,55.13633271507762,54.3007908285596,1
49.35351155919328,50.70179811503319,46.91972545195932,47.79653377715707,50.12877450471803,1
52.54726481362635,51.45066516562436,47.97801797344102,47.68479799874462,48.24711592843444,0
51.572181277484134,51.097645572980944,48.44658050328069,48.04411629432882,52.10222882999436,1
49.43398984264779,49.70518936133836,46.79498924074441,50.08699109611662,50.89977310441889,0
51.36017455426122,52.694121294098714,51.63292263292263,55.994318255655884,54.62510643830235,1
50.727396637818934,47.489464238757286,47.66842089831166,48.13683042596713,48.04537735083548,0
48.711799159318616,50.0289369421385,45.490228370663154,44.829750517912345,49.31761896944118,1
49.91243758428377,49.483086607714455,49.6523884929082,47.56099481442183,51.609483844417944,1
50.00024139189849,52.307031346225905,49.132872316769216,51.19428434741552,48.85444361898472,1
51.79009330661486,52.30044209630391,48.74743418878143,52.384750636576584,47.99609130382198,1
50.904002615012466,47.96047921374147,50.16270969227599,50.63792346534364,51.35547330206259,0
52.683487269713126,49.38409456240137,55.51385336743394,55.24313441514981,54.65538907666886,0
47.54735895441479,48.72857969798187,50.2326766523986,46.10701298823847,48.16266588371106,0
51.08770567453731,51.439464271759164,56.21688474671668,51.304601497342794,51.76512847286363,1
51.09898353045528,48.83688793079853,56.25459557825295,52.742484167450364,50.92070518344658,0
48.51063493409822,49.29572410500025,39.482314664996444,43.106751140871786,48.083762902168914,1
46.98852292059018,51.38421482189971,44.54605814129048,47.93117853179957,48.30491239594508,1
46.15630621552154,48.58328235259658,52.78805033975312,50.9876072503945,50.89794607121533,1
46.88712912924656,46.203976480368034,42.621989508546946,41.6309400890306,45.07360775466792,1
47.80572447963579,49.37157797265914,50.660298005287196,50.56722835261471,49.39009023522901,0
46.3228931178143,46.46895032918146,46.797678675198526,45.56944560450926,45.52930870685351,0
52.7678035861193,52.00736144061313,45.96406926406927,49.68741277445653,50.25611987142013,1
49.27337246228279,49.71850990472515,52.31215548169958,52.98043734561521,52.14340057782469,0
49.63769008131882,50.8284544035815,48.04921761562538,50.74306857603508,52.50841580183663,0
51.996826678476296,46.56228437857794,49.62135769721976,45.68975394375737,46.35083747772931,1
49.02844159067258,49.85878494095392,51.78468671254566,51.16930334857158,50.38893165403137,1
47.32243519821587,50.00465612896529,45.988485912688034,43.26852688753976,47.91062627312518,1
53.57822743187858,48.59710327833423,43.51482530382461,49.816262875758646,54.07505293511673,1
51.35370452539425,51.321433378013225,40.47149792016055,47.52083838053137,48.12140239002605,0
50.428963119387745,50.59801269524866,50.27252953659992,58.38961324640902,55.36924151737701,1
57.34623213465715,54.55106701286224,51.84142341146985,52.06207018326457,50.89943091252187,0
51.7927226808764,50.171909245003064,48.645178414808676,44.980477925813375,46.41287477926956,0
51.86916956032716,51.736493295714034,48.86074059959052,51.211643309411144,46.11328109763444,1
46.26491809780614,47.99264662349677,42.358926867040466,48.49593806938069,48.8993249890329,0
49.83394393493851,51.65465385541713,52.35777317286038,52.25788397975414,51.37149650298959,1
49.24891210143456,49.84396378439537,43.88607950020996,47.593252033581486,50.20934615713877,1
51.22820068006491,50.321481853658966,52.0826654844207,51.81218800259047,52.94217250412713,0
49.499865166218434,52.378619600369056,44.95837384007305,43.34912202867417,46.96972990661866,0
46.92112011029163,49.6797957112022,51.32356307907779,45.800783243821606,39.18427293557397,1
49.330169588873105,48.53717218197221,51.41140522530273,52.55271992495179,48.77363114200738,1
53.993394743303845,53.686924910575875,56.27908825868702,53.15569630962679,51.36500030923356,1
49.26570678090645,47.218605795157906,43.71028176143266,44.028154053880755,48.11716299437279,0
47.807859325737034,49.46882978874673,46.27220776677298,48.5692237633714,48.264647762797566,0
48.19575920139884,46.563786805773496,49.29179841831598,50.98901246764409,49.649660379560636,0
47.69316390723518,48.76368137506983,50.27803337013863,51.95285467168726,44.638765553679484,1
47.27013136996433,51.629636488772526,47.03973862272183,44.451424219832916,50.67392614358095,1
50.91374934077294,52.05246919096592,54.99849952510252,52.24489173533795,50.46832546013673,1
51.54564449037808,52.244943119660256,43.52418794863016,48.51798223245222,49.40813966936244,0
50.89138633563488,47.6611256765645,43.52118127505687,46.85076926090182,45.154992904244146,0
45.71432391435445,46.306197480771445,41.30387516543121,44.00706711052912,45.597425218347,0
51.75643537256512,49.66583030723789,52.64048304523639,51.247308664859645,49.13652428560005,0
45.59369181670163,47.14793554531898,48.84319065855916,46.30610919923314,45.032630734351,1
49.75719159603518,51.35856196515446,45.89643495382864,46.286248327787035,46.9229368147967,0
43.401761416191455,49.177093767052696,48.16867259749611,49.694917730516686,51.13798486819087,1
49.17390237656258,48.7340001109348,52.28245307376517,50.68800015226847,47.9190349484687,0
48.555708761047846,51.059291940809516,47.40938828825668,51.561700877446896,50.00137401158688,1
52.42674989977046,50.52470903598276,45.62968113605809,45.88124804108183,48.26796670533201,1
48.94792080999343,50.14449595536821,48.32970697258504,51.5083435379603,48.519519422975854,0
52.58616979186668,51.68581583559704,56.50174647798221,52.79154445662855,50.6908656483654,1
44.405853303557784,45.97525766330443,52.26488497351423,49.219736558171704,48.58433689622713,0
51.845380158877255,50.7362983152752,58.13930930490001,52.63116064865102,56.20052404253193,1
49.594080229421635,49.31594864553165,53.27697303522461,52.78301009711759,51.213071932086905,0
48.98989610135032,48.41882002136525,51.89171596703357,50.3006423930337,48.97710986101146,1
46.82370820243717,49.33019926011125,48.30067517550366,48.81718281718282,46.39845986906771,0
55.08014383123382,48.94674904689854,59.50793650793652,56.72670264605672,56.71646523025695,1
49.97952950806822,49.48201389757097,50.596977761517536,47.58948086182152,49.89928523999237,0
52.11379369417154,46.94624653414501,55.66937263474853,53.77884162013965,51.48700334051026,1
55.13082602735292,51.29131211634822,52.79777480300767,50.901892551525364,53.26002597869013,1
52.09456540789926,52.54703573477444,51.04657543426673,48.46027151515762,53.05858262745994,0
49.16074567439425,49.98019041621672,49.84973438363268,53.43882499457664,51.52855494430053,1
46.97532184130727,49.30405335879424,50.741133495231395,49.41941983975413,48.21443803702438,1
49.948882134302785,50.442155178600515,52.419840807745686,55.67411821715651,51.67733642752316,0
48.87864738307087,50.467784251527746,49.44750906819873,52.17429578287079,52.091842819750255,0
47.63022080109568,49.64150406323734,50.50746275004533,50.13898480341814,49.951977668030715,1
50.62479043679529,51.233730897152064,51.961217097450664,49.10676169495509,48.04119855465553,1
52.86960123706329,51.50619127991216,39.926375827237884,46.16035456447157,48.59415524141564,1
53.18962876852618,52.491542648591924,51.48826183898779,51.0265409498766,50.786986937131196,0
46.15812746472999,48.53124283648526,50.70202020202019,46.421371710170156,50.47331888733046,0
50.42672001371697,48.94748917662376,51.72850617171058,49.02087461639019,48.72374150331184,0
49.80523869001229,49.57455481502112,55.554398666467634,54.43689180996246,56.179376249763656,0
51.19997177442419,49.71829142018906,49.93994708994709,51.474973001177005,49.81715100763628,0
50.52166312603865,50.634874303800245,52.31997904056729,52.83460213531207,51.909547287764326,0
53.15915618630177,51.70232861706421,50.749472645294404,46.673136607039716,48.14689378720325,0
54.817480192322385,51.48449892859384,52.72542868112472,51.43653705483081,53.752565564123664,1
45.71805842853671,49.41827970859805,44.06280616770236,45.30740531408586,46.53292680006931,0
51.998488098835516,49.83478148524979,57.74656178810452,53.33802991949268,51.14129929269306,0
49.98860423940105,48.085717506410155,42.193371372743385,46.698113312575614,43.25433001847543,0
50.724815016316924,52.17959933832748,53.65147714604237,55.294042112243766,51.53589551043515,0
50.53474250928598,49.86824123308752,46.252735254695956,46.924066753983226,47.95468823291977,1
50.53405029016662,52.9744432592169,53.304701993242496,53.495741717945634,49.264958131894296,0
51.43964224675187,50.25348924795858,41.22344140155196,48.06987288900633,48.73106520281746,0
51.05013984792565,49.136660873082945,47.155270861660306,54.34165322961647,49.70676809602332,0
47.61351371669654,49.70876822217524,48.64298131595453,48.10822900804479,49.49851231712057,1
52.303747150403,50.43053435239635,51.15643861631192,52.89225114348983,53.168555893370886,1
55.408412727694525,49.85404872755912,48.16790640293361,48.51423336044639,49.3838255877768,1
49.54103015888645,51.78974983337131,45.13719503410455,48.400519275484974,48.646524124653055,0
54.455450108305534,51.602014712063195,50.24159160743332,52.21007669025987,51.244343534768014,1
51.280055038998725,50.77225275919126,56.10584954852153,57.8324319924415,51.34663196559014,1
47.68102232825046,48.669858059567375,48.7335847204705,49.16464362965943,49.33574271593792,0
50.58499034510019,51.17855039180552,52.594622076426376,52.3029343488675,51.12231180814971,1
55.877226739048666,52.1491886127676,51.60868465487262,50.26902121645962,51.8021289065433,1
54.79760553278711,50.79696130887521,40.108023358023345,51.14872019045826,52.18468413534083,1
52.66222514363432,49.675215412073946,46.10023706757193,47.106570861801636,46.53599124125698,1
48.90420502756826,51.36834304402851,43.669880084345614,43.32400472309824,47.88479373403599,1
54.443737080595476,50.592086406037716,55.36584094292005,53.38693629541025,52.60195057574598,1
51.02378370171827,51.52219947556163,43.741435283346256,48.663233535422926,47.87549477863455,1
48.89051651857287,47.51079869120821,48.967216379916394,47.258760409291334,51.90744791206316,0
49.268831280247056,49.29899728814381,54.5913487936315,54.14213343192278,52.57802431387495,1
52.400620944865416,49.6513663875286,51.58086585531658,48.15369635195722,46.85946397613673,0
51.08000458557169,51.63631854131678,47.925213675213676,54.89053103599918,56.87497021153932,0
50.136371110021926,51.09905360298013,51.076139935067864,50.66326302567871,52.65869794366059,1
46.99502561707146,49.85273632993273,48.712705955457956,49.80513729371198,48.2377762900324,1
48.56644776779813,50.82640533540326,43.98434840286337,43.4484139163419,45.51564601128623,1
53.26950708246668,50.67405635615388,54.12158966203925,56.3389959605052,53.39304401859803,0
50.98518521910677,52.16399347076022,46.355712606680086,51.29071479850216,50.30702187339769,1
53.51388588811841,50.550236951357576,57.3658615136876,50.40255133419691,52.17929911091551,0
48.0184975289574,49.979029963071675,44.29454361077495,45.23081575713155,46.83426705300895,1
48.91531015434975,48.60757372613166,50.37509484916324,52.76427408857005,52.219447210545525,1
47.499581398134275,52.26138738452526,51.77717792968806,52.05683503916691,52.69712799554649,1
51.29520150867031,48.900138741095695,42.883041215273366,46.383467920033745,47.54064117181214,0
51.24337443333714,53.21843888914919,49.12713550639246,51.905791455380424,54.72570488732396,1
52.33651594585134,51.00630999890392,48.16010223267266,52.380293039167256,51.992821724984076,0
48.543482050132994,49.38351069012799,46.6439209225587,51.72291481219497,50.448629286604984,1
45.54051370918172,47.18963207695495,34.43376068376068,44.087734441145386,45.381479861742044,1
49.950546997144855,49.76739387219184,50.786727348519165,50.10214871460483,51.847773342354465,1
51.43192183611245,48.49507041572781,46.09607788817803,47.25793292229009,45.45264117207883,0
52.398832037492774,52.08454664226186,40.3829161457879,45.09885559798117,43.625417160122275,0
50.544622263023676,49.28321554476451,45.00330874071682,47.749966880725644,48.35234550368363,0
51.15635932226708,49.207347336015225,54.232776441708765,56.11935962225289,53.76455771696832,0
52.06708401829893,49.57638200147571,51.00930261439112,50.70572260396601,47.701556738642296,0
50.65283466029895,49.35053691032677,48.38702576255251,48.45936106929056,48.069483107049024,0
50.66643778405797,52.123033044260204,47.735982259496815,48.38949334593007,46.98431316617776,0
50.30661953734248,51.341934776442685,46.17249417249417,44.9535104950012,46.51056824237386,0
51.042141838363285,50.39643788769222,49.986596311746304,51.17787773712148,51.40488767294518,0
48.08888261587726,48.18955535459303,49.70681605975724,46.03173785731926,46.109323729822584,0
46.3597154342865,50.17564095116763,39.18263680763681,41.76406375094362,43.00993174431863,0
49.011377922738724,51.24086593557743,51.396322520251324,54.643785920505536,54.599481924165836,1
47.61625720957019,50.04735311920731,36.187261207058405,43.79857350226743,48.78521299420086,1
45.07194259267426,45.71181125282469,49.19854208030793,50.366947184458645,49.17104558096373,0
51.28224385324886,49.73740930771081,54.19411657140121,53.412489444647804,51.739048296277645,0
49.86003535282272,50.74883085953339,52.68621507273078,49.53573805065742,51.34374957142587,0
52.39065903830199,49.02808788906382,49.3070109295499,46.5015556008998,48.43245547570882,0
52.37066654122054,49.39930768048544,54.215953531170925,48.247829428975784,52.546983178735985,1
51.73802478493308,49.591498158300745,53.91611558984755,50.20145048115656,49.12868303851103,0
44.177346962421694,52.01618103220718,56.8518888949612,51.68238865480834,53.68281617544518,1
48.44893409959066,48.230648592329075,47.87611990705037,53.1653910888559,51.86927261109202,0
52.98826057089578,51.808891029974404,47.32639562687198,49.617813531048434,49.46505732761083,0
51.21627905096106,50.77850375363961,30.658300033300044,40.73608500417713,43.507221698995544,0
45.95561226919649,51.68623386971346,46.50314368171512,43.79346511331805,49.05514769443292,0
51.24914795653097,48.63575578467387,45.87370907652596,49.31336410687416,49.95010153280376,0
49.83920071776401,49.880655937886225,47.460282642677036,47.255072066296506,47.6786768520753,0
50.50088478105887,51.77118646617861,52.89166666666667,46.5272740181996,47.964506808505234,1
53.97301426112937,50.41642280988635,55.2844380495843,54.41378006054178,50.05459158100343,1
51.314179838813935,49.43357587095993,52.20987268868546,49.00216956522019,52.936371292883955,1
48.93301028220208,46.752834536532475,45.645868889141724,44.649604580096565,48.92550981041107,0
50.69929195036645,49.27606505903815,48.36895646457092,46.43898621025899,46.319104494281476,1
48.34269421456986,50.80599794412137,45.96309219901783,44.768100653018756,47.21455086393703,1
50.78007173270835,49.251255381557684,52.051978073349424,47.82111995125137,49.862510872821204,0
50.56965033298609,49.5975196561346,47.56606390302459,48.7325813082158,47.91842819910023,1
45.914652165195044,47.46850679775564,46.79910714285715,49.95172150170717,49.40287675883326,0
51.420103302927025,49.384385403984496,51.72197528938616,50.44960494202713,51.679675654178794,0
46.406726142598956,50.265600655054435,48.50926371076852,47.48415918784722,46.61251746819626,0
49.6783155849842,51.942428119603,49.50016198748391,49.45953308754992,52.020055122413964,1
48.81172848812342,50.867983155801745,50.01834031596404,48.486592450660844,50.77097723159889,1
51.870313508340416,47.53348483518498,47.308200738397154,47.71497208567384,44.530675497480146,0
51.788178202855185,51.428607202238,52.5680977406326,50.08037364482576,47.20123073997439,0
44.37752555899534,48.638567695366426,50.09713487071977,43.84012411505081,47.23988736818986,1
47.06984598897982,50.858537510569604,43.0729266180086,42.37867389843988,48.34908998973727,0
50.43959650847425,50.57046759890467,51.66306452709909,51.511615567809685,50.6548283716731,0
50.50818766035648,51.594190725041564,48.97625707625709,48.26868783137986,50.295178275360044,1
50.19989711147795,49.78374324240497,50.76723229608261,50.238227050080184,50.7807756131611,0
50.01568707986795,49.957301214390064,42.57543145223646,49.83728648119918,50.61814620479351,0
43.41104716761196,45.915407432901986,38.89638506411285,44.6444159943718,44.78412156837733,0
45.48549477780497,50.120710406447685,38.451101978026884,40.233981898052996,45.531128703875076,1
53.15342255000537,51.079296910503935,49.19919407159309,47.006142637638426,48.63092765037047,1
48.56095394847554,48.90846738610275,45.555824716845535,47.04730945039069,48.378463051425626,1
53.63744608033099,50.73066314731669,50.496016979174826,50.24311833236765,52.536441118919605,1
47.242208341835905,48.019449824984505,40.26769812525627,40.76448810795722,42.63828056167909,0
50.61027922220842,50.69773777971651,43.05879691003998,46.03027790894409,47.73551228421257,0
51.65236921541882,50.790517679216066,40.5162214834346,48.62186534487011,51.90164732242122,0
51.14261031295817,52.36976734795083,53.11302424552412,52.56478584134185,52.225437672486265,1
49.52110575049864,49.89457255543771,48.7916256800237,49.21501498685553,46.86832121499408,1
50.4310320707783,50.34669544848222,55.28331958536123,54.4133583962824,52.06711144748034,1
46.45812137923493,48.01205475563396,49.787426237318236,48.71868447259461,48.984888885579736,1
52.26748294545648,47.70087526388906,46.68188851378506,48.929394426118755,47.21242340493658,1
48.55987077180301,51.86193670525782,39.631084120557816,45.776170465402885,47.082929035142385,1
45.83003136021699,48.854607103977486,49.25134399065133,49.29833429165669,49.7767081021221,0
49.889017998555325,49.4910183603433,51.26264701382801,49.63934734050316,50.47236140408141,0
52.272183656489815,50.57367081239923,47.84679293698818,50.72493720066317,51.7655583016095,1
46.81631889172112,48.81825411631663,47.24128945904601,43.53585355516413,46.668724243096776,1
49.285942473472815,49.980993024386784,46.53742499753275,42.204806353157515,42.37995379261214,0
50.229310993738466,51.334071088992715,52.68933095409718,56.54095457597871,55.58687521029123,1
47.544353599164275,50.368765607076426,58.50710429099178,53.06369830876372,53.99631072516636,0
48.005972861436966,50.62402830283034,50.5399406375016,50.017858427349914,50.846463655221164,1
50.55476448182237,47.4744478912707,51.515227050211564,47.76082311227003,47.71432957263878,1
49.80625028318207,49.13309369685077,47.31411628321741,49.81858826949773,52.96997219039362,0
50.04046652028447,49.43338910557631,45.76378956096946,49.1278349754367,47.96670201564569,0
48.47745166838217,49.18347422679677,46.42275584995567,49.51135523686624,50.270770190495675,0
47.5276138718176,50.23877422791199,48.95868168534263,46.10874125137025,47.98381330870154,1
52.705875899090145,49.63182418693483,45.93404520615702,47.08665658569876,46.69119979731756,0
53.7001523135534,52.723634605408854,47.48538748425845,49.63793872430239,49.239196488303236,1
50.30494751433692,46.64622219608592,50.38622247317899,50.24795871190061,51.498066052338075,0
49.88829072665087,51.60716057205988,47.49157744969216,45.481921120779326,48.63831448885043,1
50.243591786166085,48.23964781477514,48.67430210171702,45.29969225786479,49.23985026355777,1
53.70416595934564,55.177606725462944,44.705487946397035,51.1840957223671,49.93007814946122,1
48.97347487783847,46.627639450264624,44.53603896509037,43.798847424047,45.71352083563135,0
48.05059329983905,48.48449587527334,46.88347422173614,45.06291608970079,48.05490770123357,1
49.75483571471847,49.062146490223654,47.04992958702366,50.57660563209711,50.38386740198365,0
53.03638339318309,50.975565328287374,50.98895457612564,53.44793149413425,53.27142741513799,1
50.88103060360179,49.55895359566007,43.35891238084144,44.574646980986756,48.423605040929274,1
46.01419191308595,50.147090111020354,52.60259518179128,52.76435792916535,52.58732244298332,1
50.68705715026252,50.33541742833653,47.71794871794871,44.21770687139263,48.90212231248214,1
48.37043589017737,49.25421042043795,45.370835275076054,46.90051615051615,49.177111894113544,1
48.8620838807509,48.806102203862494,45.234450704680626,42.890244720297474,49.089508638279355,1
49.88944196197741,48.91802924170336,49.735031739748706,51.69719261511339,52.137396535577395,1
48.83124816500876,48.67636464686663,54.99003656024142,53.684933310298355,51.27192808063449,0
48.32561431611801,52.01720293858181,39.45499061319781,45.70344240269537,46.20379936498245,1
48.090433250478824,49.61770280854877,49.394801276240244,47.86161457495643,51.115852248781145,0
49.55239300288265,50.49274731509288,53.53236336443086,51.99882616376078,53.67115503725851,1
48.50096898092581,47.62022928979399,46.93798342879455,47.6731101540725,47.764371937722466,1
47.67751294520224,48.82717014445587,42.11117902054834,42.6207640997719,39.37906216652779,1
46.29649804598553,46.57340691342547,43.75189455532059,45.85073886430576,46.95303260887953,0
48.87221035042369,50.35531940982485,48.894669842863394,50.80024970547851,50.32521365079876,1
48.90819303387293,50.72827609159422,61.21058108558108,56.00544628185429,52.24983388234994,1
48.56687992153958,49.45961000628733,51.49355587033328,51.074732835192215,52.2225839164641,1
46.09283571225746,49.12097730741899,45.46013817151452,44.739144441968946,45.34502996729232,0
48.33061671055816,47.80553102326401,46.24040648167197,48.57093081624683,48.97403883948442,1
53.42268367552953,50.78481081953663,45.628267970373216,48.313671998784926,47.88431213873069,1
52.51744227422318,52.706679051908225,50.4756138791287,51.12436368707037,51.27201677468955,1
49.03029934345553,49.52428277393911,51.03524101200292,53.0094396324848,51.52083240153256,0
43.511322744866646,46.2100467799575,43.908918589225486,43.459440774641294,45.08252807962981,0
54.12880288311295,51.979505429160724,44.48659142879617,49.326721508978025,48.404951301926246,1
50.46463530427384,50.20944457261791,46.26712425800786,46.06218167779129,49.429161582201324,0
47.89150995815707,48.36689140132574,37.474088420567064,36.36866934830033,45.778252835652644,0
49.34565067983805,52.15907110325693,42.88997451823538,50.70946030728503,49.14093568298682,1
50.84191772536424,48.66094390062433,49.256568961944204,49.04611807881755,48.866907797659856,0
48.147386628908166,52.331029835726085,51.90207599418126,51.72940836302905,50.29136032651279,1
47.72109746293703,48.8059709265727,57.661429935930855,48.112865280411846,50.066889145636374,1
49.466280199286,51.344884650417846,45.36582603133768,50.75526072534586,50.53593615026456,0
50.28057638545419,52.749263466223894,48.2349159504332,54.74960624769892,55.67498768416856,1
51.43396566889737,49.814324007829896,51.7232157053639,53.63043220535013,52.40782126968797,1
53.588395381662615,50.76623345036939,47.97978907576577,51.04529991953842,51.29737469228846,1
48.53765121693291,48.77079525468323,51.00240188370043,49.80139805292635,50.73470636256179,1
48.81374354362787,49.88076764682059,50.21538573445146,49.76941698767998,50.39273585536185,1
53.619197907062684,51.49370761810207,53.52455603112627,53.44948538721983,51.4177856084572,0
48.2379462404149,50.04102228445383,46.73024783948637,47.98069591357975,47.958300946670605,0
48.38064383925366,49.95333824902627,46.25741847383086,44.176161241055226,46.17289804721437,0
54.14867590519377,52.41310197533065,48.7898427288752,46.519918851985025,47.40922500604744,1
50.863023525510265,51.173332679887075,53.45751242645047,50.414312406768225,49.527856049511705,1
49.019463669744454,48.193122510156606,41.982624164908664,49.65238984479532,50.87058082544913,0
46.6299767517922,47.482400473465674,44.524995198578324,47.59180126659835,49.025044715647645,0
49.36889102910699,49.126972392776125,45.18841173446437,53.32790815421986,50.164582947571375,0
51.101732406653376,49.535082367829084,50.15309608469243,52.78674866851409,52.346127357196245,0
52.20152323504911,50.81684055723289,50.74749758339856,52.384772821826765,51.876237573248616,1
49.5710922378729,50.314896389550256,46.25877895481542,48.184760626679264,50.057373392297535,1
43.82623743415751,48.17745279366135,47.04630217813439,48.272887307678864,49.87748824808501,0
52.02503361372371,49.11491216670803,51.05791009790539,50.61051905294105,50.19814700113845,0
45.576027722809854,48.98245472097561,44.73860661436155,43.247282772443434,47.977513577261455,0
51.30699321313414,52.667621614052315,51.51301282154384,51.80078703890276,52.976180355255806,1
48.98746702404142,50.35928898451056,51.08246624550971,53.28085233368467,53.3498632125333,0
48.906996956340016,51.98061969840235,52.80163608792642,44.55470350619429,46.271301807396505,0
46.95868166836726,48.633825010287204,46.16640441290015,46.10906317022735,48.686715177921485,1
49.70359838502894,48.069346060717166,50.25700965700967,51.311578830304484,48.91004621889968,0
51.44400569785328,49.896673614664586,46.12386263104611,46.13815482050953,47.404156020651925,1
51.92147513940435,51.4253339851477,53.756860378141155,52.494547994876015,50.7770454759989,0
47.743793166840845,49.63992683613627,51.694792943369805,48.251099247528664,48.89395644019859,0
50.465909751470605,48.41273145173632,50.07177248946053,50.07820745057096,48.99477839765658,0
51.15190552219456,50.73139038279367,50.957306393851376,49.139152071851214,50.974431999340496,1
49.92904043478797,47.36461761504853,42.15146167200628,43.333047954872406,43.886137135814565,0
53.993036569733086,47.98367167311019,58.083631498525136,54.34229393806419,50.893703942487214,0
48.07853330732878,49.56262841347643,50.73992363781852,50.46539646381404,49.201006948427064,1
47.907708735394635,51.703230018419724,47.741713882360045,47.25350764343425,49.138751754842716,1
48.144211250267226,51.161271896650774,51.251984740050936,52.12181691740907,52.11558670774868,0
49.570698067465884,49.505080730553644,51.10331182362528,51.62930631052545,51.18213293914182,0
47.8513644870158,49.06711784717448,48.17319444568213,47.64455521525554,47.25710796518921,0
52.53611085606622,50.86106028940974,50.44425195092186,48.22116150193853,50.47236275875837,0
47.70098631527206,49.88863090503202,48.37693074656963,46.840728106796924,45.42405986267226,0
50.59154644210822,49.21532803477224,52.06060606060605,50.291901690239285,47.25049891168705,0
47.90928371691875,50.18493794360681,43.3763180366596,46.827385721885115,44.18900600122061,0
50.624929568294895,49.74647493481393,48.73374070630619,46.659234317195306,47.371260964981865,1
52.121835577209374,48.549469813953706,57.16224606074686,54.72694816459233,53.40104210095469,1
51.23032640663244,49.56519331765647,46.80651727881006,48.3367773579074,48.64187460441977,0
52.44495314996569,49.90676282090555,48.85173769320111,43.24345915522386,48.58272564835738,1
50.48354274041274,49.05339077023516,46.539354147448634,46.358998777640906,45.456221172603406,0
53.60129679900594,49.688335880180944,49.93962937177592,48.216898899250424,45.67105070735749,1
52.05839749534764,50.34583724237882,42.008384335970526,54.61042225957318,53.55440633388475,1
51.464016582925574,50.90073687854313,53.66995579751801,52.377836200636075,53.19303469757355,0
49.9578538748129,50.142360173923564,50.44368893237227,51.8728369617968,51.23280250039933,1
51.73831193129186,48.37759667139957,49.35198151680523,45.78020958934745,48.90552019724711,0
48.736685605497556,50.67056218228929,46.18943678154203,47.523970839030824,46.192155563616375,1
49.943631661590864,49.05613303084895,54.285792604591435,52.42556662218316,52.773131856526255,1
47.48748241508907,49.192273872474495,49.26976941760224,48.35982988503374,46.97086945411918,0
51.22386327271203,50.60257091023803,52.754208507604105,52.27145108998741,51.312862494319724,1
50.78696202518837,49.64720226860191,44.033715503085766,48.39304724017913,48.480257884997656,0
55.1571791505475,51.0850119478636,56.46882510197726,57.20526253617007,59.7463913742286,0
52.34139001552223,48.72857759176729,49.19587108575435,48.22128666640827,49.94199324753013,0
49.920172349698504,46.97647971895407,44.112887253359126,47.019469581278,47.24202177991706,1
47.47162884239054,48.30329885702946,48.563854969308565,47.19638062352578,46.60772019143294,0
49.599652963846616,53.73484501997021,51.92337772059321,46.72301561983713,48.40117667559881,1
46.20095482344517,49.38388222973863,50.93063374400092,51.118709703530385,49.574991902659306,1
54.31602992689519,49.033376024375784,45.36062548562548,46.73689301486695,51.974261925329266,0
48.98897303006382,49.579082048128406,58.23513803448015,58.02422521560794,55.74434547974403,0
47.579944451522906,49.336100359030546,52.91837547398496,50.30813948520226,51.707459273480936,1
49.25989546131672,49.87217341600766,54.52271992055178,53.04921667982057,52.336837336975385,1
45.14685114864193,50.73846905414374,40.2339015151515,54.99887123781928,50.6277031860898,1
51.23902628193174,52.592937972204254,55.8904714412354,55.16943639534737,51.37339253103115,1
52.538759042162106,50.15046078886728,51.19120242430443,48.83715488611736,48.367309840073794,0
51.46818398927853,51.05119069531134,51.284515432920074,56.0731381642657,54.85418581313144,1
53.823916117259415,52.14484777427263,49.88912448920476,53.42120055115236,53.62186408280126,1
49.621724940793946,51.61252186900068,50.86316426468442,46.26569220365494,47.7933178696741,1
49.17503848810966,51.93820272143166,46.52260756714071,49.59488027767854,49.09757890636131,1
51.6744788926365,50.58504151886386,50.068292941813276,48.884267203031484,47.977332297159656,1
46.83350924899705,49.1416347666988,44.29936891065922,47.800737647008056,48.85720818716208,0
51.09495123792165,49.89488620133849,50.3739257217518,52.530149051285676,50.75499751633201,0
51.275612593508626,52.01190199123784,56.02104609245172,53.09763723629411,48.849061407058144,1
50.07471514417633,47.320848409267434,48.994755244755225,48.098852179075905,49.71349179395175,1
50.04693365543994,46.24278125279413,46.356239536496936,46.20130179484867,46.21265788157479,0
48.167214125100635,49.897023966483175,46.15458456855547,46.19724015724655,49.84290569723317,0
47.63735929486342,47.07367864560694,49.208951494936414,47.75185994965368,47.70887137202816,0
55.62102404495396,48.22269748240083,52.782661758930594,52.95229240163357,49.497632609264755,0
52.944801084399565,50.199962795608535,53.59995232208231,52.04788325329761,51.364415223984786,0
50.39919387862047,50.09610435552899,50.748677892434266,50.91275641219279,50.01833219538455,0
50.52345373906597,50.344030205647826,48.6745391705069,50.10724915477083,51.36087139536581,1
48.11972410506554,51.98630788590032,48.741068318654534,49.64322285374916,48.811897790082085,0
50.54061007468222,49.51706202614178,56.552008814939846,54.0006152384375,54.71156846205788,1
52.077167144948014,50.400118136679296,50.91648352641561,50.739180249562324,47.64550224239901,1
47.792226660695235,51.480247720301286,57.99603286891062,57.559181385257574,57.563055048321665,0
49.149053041162524,50.669421141332926,46.22840628788829,41.87206448731901,47.29800172042352,1
49.55250514952546,52.672762273019146,56.33616515078958,55.498932783003575,54.999781709756725,1
49.90427385519946,48.129381537658944,45.883903964300956,47.99433819192883,46.792680466330694,1
48.5239119089745,49.6143863756403,49.48022970148383,50.47678430955279,51.034789741337214,1
52.46905997374578,52.389469887504546,51.90479372716743,49.89805126473731,54.39890374408684,0
50.92649925400611,51.496192876765754,54.179668418798855,51.806784774924374,52.114405064549565,0
51.508865783985534,49.090781503489765,50.88138079939224,51.5079862124596,52.44539105045787,1
51.49454966352559,50.80215240795114,52.49130541817456,52.6131125309069,51.237188013148646,1
47.54923865983904,49.42680431864611,52.75566231877582,51.10918734012897,49.9982635815823,1
55.204251154757976,48.089015489179175,49.921761242184004,52.67293187078303,50.34691174186331,0
48.82358029119115,49.5640039354872,51.66846934378153,51.65521945422894,53.111219956457376,0
49.30146553853629,49.26560112867519,49.10775608332239,45.270695130209816,50.03930428078631,0
49.49511254459964,48.74423596484558,46.35438699875446,50.90462943808052,51.41571809540635,1
48.056217770630134,49.040919287584146,43.224022551684136,48.562540608881356,49.41711239720911,0
48.00509891953659,52.1455461404011,57.320958270297915,53.19107397525873,52.54332079876636,1
48.50394975585086,48.33827203181912,46.54858702618137,48.893984031355274,49.438438202339896,1
53.201222943402286,49.82872889771553,46.52081447963801,50.20473612907994,45.67779076619599,0
49.584315725174555,49.7235502117026,46.77509533891001,47.10227185238968,44.66778985699193,1
51.467046386466244,50.10080045510152,48.74286768612103,50.63103066665144,52.1124534215176,0
47.196406347080874,49.19566569891604,55.32244075675469,51.938643551124244,52.37647115734294,0
54.10725915085198,51.57450920157339,46.33479783481782,51.55291435297189,50.08405114105881,0
52.695809574379545,49.62238052897723,42.978578260379464,48.81857044096892,48.968813245498744,0
46.085843588505945,48.90987428073655,48.42923830642117,49.53231731376295,48.49630202030163,1
48.5973931427145,48.04026946178953,43.92895039257269,45.04123547148239,47.25662617038182,0
58.29047013233326,53.28410491867533,53.5384999108979,55.280078539654234,51.37791291175079,1
51.49831498783437,48.63602362077395,56.305119241053994,54.12919556536474,52.374914974691244,0
49.35201243578492,49.353389436719084,44.124208776583,46.34230364093065,49.16373800242768,0
45.54581116985773,49.99697912268071,50.18522588522589,50.81241578997826,51.58604978997796,0
43.13358069921964,52.21411863276463,51.85449735449736,60.55201560558705,57.42202364123419,1
50.94327008153287,49.89341295482884,44.37692012288787,47.839790608151446,50.292936939492286,0
47.04633068071164,51.34641594820394,40.334098556482296,45.7127486608104,45.03038160607357,1
47.769410340184834,49.4963770930692,43.67308560033016,46.13221960364818,51.18507082380865,0
53.084417047848945,53.03696548265522,51.09067194957453,51.55033189472667,51.27421088467779,1
54.38474336472445,50.03831786604198,53.56268784240111,52.98618831757226,52.84201311467809,1
48.78817294383545,47.147233154012454,40.60772831287704,49.88877669361691,49.10829801953124,0
54.2578603207422,48.25519229727564,52.0297619047619,48.94778472768376,50.40109844684635,1
47.96352861569785,48.42451832156433,46.56977547397657,45.22994003019627,47.9600022413326,0
49.883828037934265,48.74603536387461,47.11136514642614,46.375442544042,47.643401836071156,1
49.48365297052414,51.40722324394626,50.92929520039494,50.60732371197968,50.789945513467835,0
46.17210822147138,48.61638665689214,45.2928545148424,48.24981727874197,50.98779962181934,0
48.01182579600891,47.228305408398796,56.52404742919306,57.17103993738162,53.676059500204666,0
51.558542223378346,50.736146420315784,53.42346436859475,53.68081776590081,51.431927929154774,0
50.840430363294075,48.90551465495559,49.056489651654864,50.001611775950074,47.2295579634669,0
50.87356289218452,51.05748701051102,49.964163614163624,57.797452894327904,49.88503763348213,1
49.97540052435167,50.435125115050425,52.96385127568125,49.40248484432328,47.52053917645725,0
50.57660803178836,49.385214382465534,46.81457431457431,48.55452385500077,47.295033392910966,1
47.39136806548445,47.890167709014534,38.196558788174066,42.26362160315647,43.5927362690465,0
50.054758342406494,51.068525103615116,46.18126304120652,45.963139445460314,46.66629049011672,1
48.021229646053136,50.65583957045155,49.75108010442712,48.51008984954485,49.362532503889405,1
48.39721582902399,51.13588725349268,46.88638262322472,51.06333834346747,52.54499981932683,1
49.113389810188714,49.41183714254323,46.508109609003675,46.21026215526456,46.10489374936768,1
50.410975134049764,49.856448204577305,45.33172391230757,45.87237054313946,48.51888269208506,0
49.88257812485063,49.22451580752966,59.20195790926341,57.43933691756272,51.14513487138317,0
51.3292871613878,49.73481674251721,55.17373152579938,56.97724853040466,50.29948996600682,1
50.078504348096665,53.68250733421729,51.612006956847104,54.39637556096424,54.326592367036,1
52.24805160684078,50.30697297430218,46.549079457534816,47.59994464933917,48.12497727573567,1
47.584838604501655,49.3948879211942,46.44516868324297,47.038272575659214,48.526739668658145,0
49.41560533398661,49.25016532513754,54.279052131219316,52.456382078646804,52.07469020366617,0
46.59016310603046,46.527613430202706,50.432103360436706,49.93836753768007,46.8275194289743,0
45.346683582197116,49.82728505717735,47.41058621393345,48.54259533982748,47.6461971921471,1
50.376948955327336,50.083877510297,49.14234753307524,48.93079840140831,52.7890326862423,1
51.97468852737616,51.97931289624076,53.75575980358588,50.45363561519648,49.662787532028894,1
57.951575384211175,53.364931667242054,47.625870404862304,47.3881255529089,53.07021600360875,1
50.92081976049062,53.018386593695595,53.72874575572,53.72313384384084,52.929695368909776,1
53.917764076942134,48.99504369758439,51.50498801323151,48.67836330618606,50.86272406903559,1
50.277525122227004,50.06112113314881,44.41185882573148,48.850679602450064,47.879744262834656,1
51.978159750768135,51.731236748412734,45.259158617145324,45.71964415192934,49.78956342141714,0
48.22625834169861,47.540645044830384,49.47317347031307,49.01330632107928,51.308984275434845,0
51.6032592610412,51.3919503574229,51.44018259286383,47.11632360798524,49.28380490881844,1
54.672398985815974,48.193230213945796,52.97805118857751,54.15862708865142,50.83333422078056,1
52.04973324475557,51.374795929344096,53.2556405957327,51.2473788507023,50.38594347887002,1
38.9038139598939,51.95584369667385,50.04041242994731,54.008940839393915,53.23179896653733,1
52.40475982541825,50.57966997299261,54.91016989042497,51.83664322038126,50.973041310911924,1
50.97404325436029,50.620608871548775,40.366155561951075,47.217643309318824,45.71641613206426,0
51.2229003679967,51.26190199048064,50.86856477619778,49.5438512614206,50.41041858013544,0
48.50717686920749,47.77419983609181,50.40574436076754,49.78627128909568,47.5607518380624,0
46.09380577464829,49.79777832906958,43.08482023231925,45.29438325369842,47.975750438018785,1
48.76685193787925,49.73582452287862,53.34146479540848,51.971412320735155,50.48920457759113,0
50.65660716564563,48.952438817064866,49.81252547949938,51.87077347479543,50.285964200209435,0
48.92486657020505,51.13039525553529,53.709484067425336,50.69825854271257,53.12545634309031,1
48.86222354349873,49.93928057250394,41.46657013960151,44.83308356954865,50.393087783506616,0
50.21416877812144,51.04927359466252,48.90576712988145,49.14454139994436,49.62053367322904,1
47.3796327361599,49.567666742617774,41.81876345422674,41.24628720983654,42.110015532710634,0
53.11672232047938,50.19400549108448,48.43478546527161,43.95157440124714,47.95362389290724,0
51.4881547439638,51.03625364481989,43.176173811495595,45.01597135740231,46.36587556382762,0
51.10364334563199,49.28712500928632,51.66715712585661,49.9333251823382,47.71729672583137,1
47.749327231503194,48.98520237856322,43.43257044419834,44.654771071207435,45.65738148707042,0
46.870836121980645,47.63493183634684,51.88261588882923,50.09054631390557,50.779819424429974,0
47.925168951502755,47.239057948831174,51.91303208643957,49.52467974202516,47.59916477385689,1
52.853922640966914,48.957746846190496,51.28189004578949,53.07952945523705,53.90692251566486,1
50.98092692590986,49.409051861466544,42.70229736038561,44.20506040949704,48.36919667497721,1
51.49901660400617,52.22295079452627,51.259826083414794,49.531204533979725,50.69336036206782,0
46.378712535826345,49.910484307321894,44.92162330308519,43.59916027614131,50.47397338476163,1
50.99078634786311,52.18251304265029,49.627763741894185,53.91873986896809,52.58581516254128,1
46.95492966470752,51.682114357195296,48.069039992547324,49.6200733835683,50.55984529878581,0
53.30245584099889,51.046366020731085,51.537692286796414,53.3822418569134,52.1093640155713,0
45.51954373023953,50.25932823257758,51.95498256510842,52.37337189252151,50.671172035140444,1
53.46010637048815,51.19354314486291,48.23558139894389,48.86520965037297,49.340007735934705,1
49.48928024318945,48.854694165025556,40.96619104579631,45.91096147896116,47.14621038952973,1
50.599619083684,50.253947098994644,52.256343700714126,53.42216400439659,50.05549302915108,0
48.806962605900615,47.568332423452055,47.86214099555194,47.70103622257451,48.29050182302967,1
52.771553843275285,53.50500053250489,61.100288627247636,58.03494606012772,55.032466891205864,1
48.507146104327724,49.56923121105061,50.52908509738202,47.014317671542905,48.5067101892447,1
49.64812406629424,49.1881190652387,53.67372197094642,54.70147932142001,53.468884924150764,1
54.316270040218996,51.987238721901605,49.91736743460883,51.85963596949199,53.380865045838476,1
43.42393785222412,50.720532919951665,47.175864696459676,44.690864647911695,45.80406582093005,1
48.2084166449375,48.73072465573131,44.195012497907655,50.12425657022437,49.82136686968545,0
48.743419952447695,46.39199603694359,46.59631205977,48.61057676562992,48.08209162270217,0
51.31841092224027,49.97082627367776,52.968130241654364,56.33832007381796,52.337676158725834,1
50.73131774014807,50.07555941870005,48.885623928767444,53.66738696305162,50.531504440053986,1
49.303558303716,49.25161967893725,45.76343386395097,48.905978085948476,48.252236409580185,0
48.39025688885846,50.21237232700525,48.696427614575704,46.377821706219876,48.5817290191157,1
45.84181439935636,49.338352700988686,50.575966053900835,49.19624233381262,50.74041390034119,1
53.09010077314598,51.41291995278372,49.39154616318279,56.03310526949915,56.10658599876606,1
44.09596133609619,49.251493732131806,48.38431934067143,46.87595045251073,46.58880087139696,0
49.70443979234371,48.71046774359272,50.455290786790684,45.8326966551466,45.4183864676004,0
50.561392735161135,48.200910789033976,47.79112126739797,47.85799497554738,50.39893785924758,1
49.51136949002324,49.158575709117585,48.60596449191651,53.889350567462856,52.24719357749057,0
52.354900373151516,51.84231530735843,46.09546323845281,50.38297081055173,52.58403088500656,0
50.93679106562035,51.44020545842878,51.5981426985576,50.70111133098724,53.786741844913756,1
50.55644846785531,49.692989975050175,53.15519711703356,51.56083739915862,53.4322192008996,1
48.03939723905623,51.468778759999786,44.6980972412007,51.20451685285443,50.831081595314,1
48.15565448342415,47.56782246692664,44.68948996923789,45.2801154267268,46.80288312939408,1
49.35510700837231,49.52111041044363,42.76182647703198,46.62040475993964,47.19790305033781,1
51.113714617268435,49.47279965731165,51.136784551129175,49.05521560100718,48.84326117175918,1
49.28520530701235,48.98407448115334,42.28033101690391,44.94243033887512,46.9317395118073,0
48.83982048336911,50.08795716031478,47.3273351787693,53.24645710363235,52.04438393662018,1
51.54085098853768,50.26222967819612,40.853769868290996,45.159477421136565,46.07957354722764,1
51.14440950928974,51.412118772413415,54.21256097232329,53.41347236291283,52.316464955939146,0
50.28735899467469,47.64379715626666,43.08400806404646,46.53286313261013,46.071100723618144,0
47.81281476212338,48.91152825839226,45.2286350345561,52.23681179133305,50.03875993871281,1
47.80881507199574,51.81691784300241,44.96103023960167,47.48588350139064,48.90756109402983,0
52.14084799469525,52.04992690396224,48.27928589264773,48.165953976052464,49.40974904586433,1
49.23734654886733,51.08712487300448,44.15100270825484,49.41640184166536,50.966837593280005,1
50.05198561776878,50.38260039554393,49.531713262199,49.34426298444291,51.12094344131247,0
51.56187109910897,51.26094032804237,52.172137597173474,48.78077141480382,48.89436401785384,1
51.79658068131885,50.60997219977447,50.16188407624422,49.89862511530629,48.33952451864974,1
47.52401300314769,48.736971372830354,48.873869048975095,48.53242759020791,50.09083736127066,1
51.92897714470137,51.01102074690724,58.438085063085076,54.80543718904683,50.93599081049669,0
49.34977449856447,49.37886773082575,45.2943500329212,47.64731286470417,44.36123002840676,0
53.020406520346874,51.29262941223723,53.43199009452879,51.50686490275701,51.13195383613572,1
51.01361840451886,51.00774843546765,54.62062815652595,52.416260948181325,53.4453076478932,0
50.66540668395272,47.39638544365937,51.651348729546164,52.31937216767992,51.58500604908964,1
52.11277476525581,49.952514752557164,49.500591871388266,49.76155264606446,48.83198122158533,0
54.915562896300955,52.839186090477654,57.15829482630548,60.703226494837196,60.80200721523244,1
46.69685918524989,48.790389474442655,43.68010321213706,46.95041976221289,46.63576292988058,0
51.01657594346083,48.34310673703616,45.75186266889841,50.235646511656306,50.77258882145452,0
52.05351987020137,50.6706635887504,53.38381320324077,52.16783533589824,51.48239223095542,0
51.13381259721103,48.52753761426144,50.331016030234146,50.021657015060015,50.082508523359316,0
49.628596919533514,49.69577145933244,47.56953821762183,48.66866521896544,50.489644626714636,0
46.6319253017147,49.950673042512776,47.260568136430194,48.43418538032228,45.90839383033449,0
51.78863195666783,48.25069366052084,47.642463459495765,52.436566324164524,49.69351025383807,0
50.77281818798224,49.21281329936967,45.5654226624719,45.916380736038384,46.72073093854479,1
47.88214905947534,49.8840332906164,49.96294246609834,49.48782001630746,50.13702568651988,1
52.91009182439519,49.479090295756755,45.37097147778262,51.473166669480044,52.219462669513405,1
50.01873068643694,52.439216979977,43.71494838344782,45.52730392202859,47.73226906232679,1
45.97191455496781,50.01076687130872,46.42386856795825,48.46137238028138,48.960196454407686,1
54.52337758360788,53.39071302993681,56.47461550049988,51.27771323187281,51.77219050798312,0
50.221402299313155,49.64336765640689,50.3863157914882,49.50513249864998,50.40103237781616,1
44.490795474354854,45.64562838916981,48.65037150269249,44.96586969410982,45.799076920591254,0
52.692559159250365,50.46559731035698,53.17697470732059,56.1787431808624,52.25734230657043,1
48.30298573388524,49.365371601126746,48.0494332010676,50.789638806979575,51.753723597983345,0
50.585545585334835,51.11888971130089,53.64239800273971,51.20278142974804,51.42213461167654,0
47.7817187740159,50.14983216168937,47.58499016918867,45.76849396151109,50.27136380610848,1
52.53290104212036,51.47590934254199,59.07962384992354,51.039785414319574,52.30211636221812,1
50.344444719058735,50.136156620475106,46.657704071200946,46.05565749628299,47.808801871439414,0
46.84423374500019,51.94719574877584,45.57921411652758,46.53596778652827,46.85730470922754,0
50.84908801054523,49.8119728285377,44.702737243655086,53.7586688051384,53.26523140374032,1
52.125054982897055,53.19604863974359,51.44420823535738,52.95837275647839,51.59415852729803,1
51.28148971254403,50.01425309511269,48.6035995594819,47.77394026824068,47.64361467282825,1
46.315612924147395,48.271970925780714,54.26798647081063,46.196357183650164,49.482791500138475,1
54.795119987318486,50.944190626120964,55.947829988022455,55.5034509351908,53.52036853736186,0
53.02819641642584,49.02808048665891,46.89706739706742,46.583818601442246,47.730378812283156,1
51.61949411667599,52.104904200442014,57.085209287209025,50.266765908413426,48.25301815409695,1
47.86524636378492,49.133403979587506,47.4416145900035,49.4564663590789,50.322700287235456,1
50.39773976718844,50.87725895750859,47.21199463304727,47.89912391755708,49.52637678575941,1
49.83545882428736,51.42581488792214,51.241097442993265,50.57948247988693,48.03873435856037,0
51.88198828449497,49.70265018369929,55.659967833798106,52.59107625664894,51.79997900426723,0
50.034417991568084,51.2647294050241,61.78961660608664,61.97039340490793,59.42667544885485,0
53.44806469162293,52.43604674636276,52.3226923500102,52.41298559665319,53.77457903256941,0
50.726019525713795,51.58319251232584,54.08744349085259,60.102654860137264,56.56738615209868,0
50.246733464029404,52.01328558042706,48.44654337065181,48.12548520757795,50.90011376629907,1
52.03966449970012,49.56869967351339,53.98726013029675,54.811448908105575,53.09041521139136,0
46.02832995616253,48.86706510996543,50.73714114832535,50.91814224948741,48.94537564699287,1
49.29931724966696,47.17290976787832,47.05614973262032,53.80567536802501,54.84145255692269,0
47.03053844669832,49.049732329984785,45.951917965075864,45.5324787596064,48.734796399168665,0
52.24324666378072,50.77344716796568,47.376865376063456,50.71464107099969,49.0518853961003,1
49.016609637479014,49.190237920333445,51.93782701521202,51.31512630538467,50.34482534646244,0
50.41381752357314,49.9964699521275,54.26464507986248,52.95419487276954,53.09531052812441,1
47.33255947202316,49.750508531500756,45.53423069167171,48.7264454980412,52.042313097838964,1
50.213629696019964,46.52485094291774,45.07187890590718,45.10324061587965,46.29335953659833,0
50.52047866848122,51.649845900933435,53.82799879340261,53.65824775292322,51.551255355370685,0
51.197099670593815,49.95583532735267,59.80974941411566,55.53587489340666,53.63269915701743,0
47.17939715691729,46.77861058068138,49.40441010972571,46.01951138014499,47.72801944755628,0
47.927430468803514,51.18445467680288,44.626997906308254,44.42737729621092,47.34276580815073,0
49.940191505497864,51.336412447363664,58.05649350649349,49.385169898401635,52.1764085398856,1
50.36296636726305,49.53247598691527,54.72743087186171,54.15066871554504,51.955377457024134,1
51.16911726768476,52.13532710655885,47.34094764010587,51.336693801258235,51.30650367859027,1
52.37516968282454,52.262796170483874,50.12315479096874,50.628329032240686,51.9160432177313,1
48.61864945306024,46.77116428429788,52.1717087244908,57.887832413380835,52.37921431587218,0
49.85139868035986,48.88244442603257,45.50547416857936,50.185523541158915,51.015214951368534,0
50.768410847511106,51.92619045500327,51.42012748007503,56.26759074311204,52.3737610424334,0
46.20725995825238,49.234639013261265,46.18212933306284,46.10043385914941,44.57917192854562,1
48.27826453250589,49.73899166135832,50.30428346604817,46.947665004906305,49.92225246644993,1
49.05547315977901,50.21456752677478,49.01746031746031,47.47055255012099,47.607299277363744,0
49.15679255097706,50.42702394184475,46.15348148964266,42.90318958821973,48.3580476995556,0
47.56215507523268,49.96834260787361,46.54505160276525,48.756615657694226,48.2558912264977,1
50.39565677441252,50.634151567149146,45.22208972276155,49.50187103729652,52.58415176736608,1
55.11056934068384,55.458585501802446,47.72222222222222,50.404603789917644,49.97390074125412,1
51.3617002460133,50.92200908704905,58.14655172413793,56.70852490071343,56.662783742010504,0
49.2531630196164,50.989687620892,51.42760586772127,53.356250142737714,46.88338165514397,1
49.42815516439448,49.074770405570405,49.32584479589671,50.616250788137464,49.58894137203488,0
51.9723131211195,51.949208304906215,39.624254393839664,55.26812609091654,52.51910150693473,0
48.99419202623025,49.121145384899435,39.3527118449719,46.47836859336058,49.383580257281366,1
51.347415862608216,49.52134554279248,50.902062466668276,51.114563387593634,50.6098833132753,0
47.02058725668512,48.81743754038271,48.216568147053486,46.4519501193958,48.81161838602149,1
51.852658041973086,49.26131884662954,48.59410918721472,47.62017966821331,47.85740931205158,0
51.782743934737795,50.25222541894134,51.05326811754863,49.27905346020422,48.224458377002755,1
52.52927993852883,49.4154740454846,51.71561289648804,52.18920755459917,52.77231497559606,1
53.09384642428634,48.164842434984145,44.02859808053839,45.28107943494482,48.64162856052627,0
49.40399157415701,49.793614890125085,44.22550022929973,45.44573668283544,45.49313180661071,1
47.77639688583838,47.031316529259016,48.29132569558101,50.58450909664993,50.628041310214265,0
49.53557481250375,47.0354965478336,49.608111187058576,46.44684068830179,44.1192476735894,1
46.96706181733599,48.8561006215315,47.95781284299695,49.97418200357182,50.73758343012096,1
53.04752263460571,50.47629727010966,49.90025895940756,50.94852693984755,49.34170172018382,1
51.42716043824862,51.70447943087232,51.68553495116941,48.886703732576656,51.5130552127878,1
48.73909077281635,49.71798541271358,50.88049120594383,50.437992887758455,50.55007962892339,0
54.41246486440343,52.792919922049656,60.48682516799866,59.337246007975374,55.845058739027095,1
52.862354514512354,51.75834212131695,55.202769014453104,51.24487994724603,52.30644880097894,0
45.177655272440774,50.67300365160665,45.397750453489714,49.385749420703,51.3273035401968,0
48.257884606448194,50.41426733584636,46.44141847083026,47.98513223034207,50.17565138727853,1
53.048642820739644,51.75444047008231,49.8798676419366,56.278791512576866,54.209353258769525,1
48.984353515669866,48.87574190382588,45.780567255543794,49.70884008055375,50.155654144691134,0
49.5685160971315,48.94703635985869,46.83795507537568,48.56212984832401,47.30070674528801,0
48.780720128870925,50.539315325539505,52.50405401864946,53.38021829772356,51.42009058774691,0
51.496861458265265,49.64254583233334,57.292156886422376,54.96750868588579,51.85200590519907,1
49.81050053132214,52.190508761258904,50.88015216315884,53.98269227413752,53.10333830398805,1
49.72450890736385,49.18396276336537,42.509467682854776,47.330520894200134,47.70709156004657,0
52.006525861926825,50.56493222547982,52.23759052247174,51.96571010606122,51.08494445019753,0
45.20920880423173,49.15812768730327,48.89549946107195,48.453892543987216,49.39049334264599,0
56.81526067886311,49.988089376033344,51.51593666366996,51.02801683269129,50.95221281614648,0
47.25426162861508,49.403253070940025,48.34522945989382,51.1509110092278,51.64800738451248,1
47.92657928836281,50.56252323782581,52.846327478458896,54.30530989592637,49.69658844810375,1
51.30250204353425,48.12224789640064,59.37218740425554,56.86914042211918,53.68902915806072,0
47.42710125076151,50.63593619833778,57.12483210048332,57.06715579052658,54.34006123776939,0
49.58126130101883,50.154990144808295,51.4393085149754,54.02617323268707,53.08255803227476,0
50.97829148718379,50.24997535812056,51.32549246846976,53.557112043512674,51.87005547358512,0
51.009632432620954,49.41253312233941,49.0191519629313,48.72028718880229,47.66206960956144,1
51.887398073307246,50.87228019520724,57.46049154401939,56.00236261413658,54.20006611744343,0
44.07018611719871,49.45986744269511,49.885171502666914,46.72089430246869,50.51860510686386,1
49.327900127592386,48.61015469228004,49.161485143879524,49.4390165717144,49.15414418894113,1
55.27266789965676,54.05651970580292,53.72409968198012,52.92320793713603,53.40961157000861,0
46.920734898216914,48.963077913845865,39.0513209013209,43.07274175296517,46.27978211000655,0
49.43996909089183,48.84249625777864,43.815765412672825,45.26752452995222,46.29801861643267,0
52.63006767858383,50.31667601870402,41.28108315138154,50.55010486736391,52.22763464538682,1
49.96601575956993,48.75741985018219,43.45496613440023,44.039238334912554,47.9133913615936,0
51.82496456232235,52.23408793854827,43.90296000252773,45.37367434988916,50.68912916695542,1
50.0840898358505,49.62926231817065,52.33987446834952,53.01126602623029,49.18852971656236,0
52.16270734613675,47.60767869849836,53.609446720521525,52.27320472332544,52.8810684832694,0
49.2799729292436,53.42675587762551,43.945003756187425,44.57942395914155,48.99016592871467,0
